|lemm|word|tword|partlang|pos|idsent|sentpos|tkey|numexpress|rdeco|count_word_text|count_word_sent
0|что|что|Что|PRCL|1|1|1|BADW|||9|1.0
1|было|было|было|PRCL|2|1|2|BADW|||2|1.0
2|нужен|нужно|нужно|ADJS|3|1|3||||2|1.0
3|в|в|в|NOUN|4|1|4|BADW|||50|1.0
4|сам|самом|самом|ADJF|5|1|5||||1|1.0
5|начало|начале|начале|NOUN|6|1|6||||1|1.0
6|.|.|.|PNCT|7|1|7|PNCT|||110|1.0
7|программа|программа|программа|NOUN|8|2|1||||2|1.0
8|,|,|,|PNCT|9|2|2|PNCT|||134|1.0
9|выуживающий|выуживающая|выуживающая|PRTF|10|2|3|WIQM|||1|1.0
10|из|из|из|PREP|11|2|4|BADW|||13|1.0
11|сырой|сырого|сырого|ADJF|12|2|5||||2|1.0
12|текст|текста|текста|NOUN|13|2|6||||28|1.0
13|на|на|на|PRCL|14|2|7|BADW|||14|1.0
14|русский|русском|русском|ADJF|15|2|8||||3|1.0
15|язык|языке|языке|NOUN|16|2|9||||2|1.0
16|уникальный|уникальные|уникальные|ADJF|17|2|10||||1|1.0
17|название|названия|названия|NOUN|18|2|11||||2|1.0
18|продукция|продукции|продукции|NOUN|19|2|12||||2|1.0
19|по|по|по|PREP|20|2|13|BADW|||16|1.0
20|определенный|определенной|определенной|ADJF|21|2|14||||1|1.0
21|отрасль|отрасли|отрасли|NOUN|22|2|15||||2|1.0
22|.|.|.|PNCT|23|2|16|PNCT|||110|1.0
23|сырой|сырой|Сырой|ADJF|24|3|1||||2|1.0
24|текст|текст|текст|NOUN|25|3|2||||28|2.0
25|,|,|,|PNCT|26|3|3|PNCT|||134|3.0
26|текст|текст|текст|NOUN|27|3|4||||28|2.0
27|,|,|,|PNCT|28|3|5|PNCT|||134|3.0
28|который|который|который|ADJF|29|3|6|BADW|||9|1.0
29|писаю|писал|писал|VERB|30|3|7||||1|1.0
30|человек|человек|человек|NOUN|31|3|8||||2|1.0
31|,|,|,|PNCT|32|3|9|PNCT|||134|3.0
32|просто|просто|просто|PRCL|33|3|10|BADW|||1|1.0
33|излагая|излагая|излагая|GRND|34|3|11||||1|1.0
34|свой|свои|свои|ADJF|35|3|12||||1|1.0
35|мысль|мысли|мысли|NOUN|36|3|13||||1|1.0
36|и|и|и|PRCL|37|3|14|BADW|||43|1.0
37|не|не|не|PRCL|38|3|15||||26|1.0
38|заботясь|заботясь|заботясь|GRND|39|3|16||||1|1.0
39|о|о|о|INTJ|40|3|17|BADW|||2|1.0
40|формирование|формировании|формировании|NOUN|41|3|18||||1|1.0
41|или|или|или|CONJ|42|3|19|BADW|||9|1.0
42|выделение|выделении|выделении|NOUN|43|3|20||||1|1.0
43|какой-либо|какого-либо|какого-либо|ADJF|44|3|21|BADW|||1|1.0
44|список|списка|списка|NOUN|45|3|22||||14|1.0
45|слово|слов|слов|NOUN|46|3|23||||34|1.0
46|.|.|.|PNCT|47|3|24|PNCT|||110|1.0
47|автоматически|автоматически|автоматически|ADVB|48|4|1||||3|1.0
48|получаемый|получаемый|получаемый|PRTF|49|4|2||||1|1.0
49|список|список|список|NOUN|50|4|3||||14|1.0
50|слово|слов|слов|NOUN|51|4|4||||34|1.0
51|.|.|.|PNCT|52|4|5|PNCT|||110|1.0
52|минимальный|минимальная|минимальная|ADJF|53|5|1||||1|1.0
53|ручной|ручная|ручная|ADJF|54|5|2||||6|1.0
54|или|или|или|CONJ|55|5|3|BADW|||9|2.0
55|автоматизированный|автоматизированная|автоматизированная|ADJF|56|5|4||||1|1.0
56|обработка|обработка|обработка|NOUN|57|5|5||||3|1.0
57|для|для|для|PREP|58|5|6|BADW|||12|1.0
58|преобразование|преобразования|преобразования|NOUN|59|5|7||||1|1.0
59|список|списка|списка|NOUN|60|5|8||||14|1.0
60|в|в|в|NOUN|61|5|9|BADW|||50|1.0
61|набор|набор|набор|NOUN|62|5|10||||4|1.0
62|хештегов|хештегов|хештегов|UNKN|63|5|11|UNKN|||1|1.0
63|или|или|или|CONJ|64|5|12|BADW|||9|2.0
64|ключевой|ключевых|ключевых|ADJF|65|5|13||||11|1.0
65|слово|слов|слов|NOUN|66|5|14||||34|1.0
66|к|к|к|NOUN|67|5|15|BADW|||17|1.0
67|текст|тексту|тексту|NOUN|68|5|16||||28|1.0
68|.|.|.|PNCT|69|5|17|PNCT|||110|1.0
69|полагаю|полагаю|Полагаю|VERB|70|6|1||||2|1.0
70|,|,|,|PNCT|71|6|2|PNCT|||134|6.0
71|что|что|что|PRCL|72|6|3|BADW|||9|1.0
72|неявно|неявно|неявно|ADVB|73|6|4|BADW|||1|1.0
73|с|с|с|NOUN|74|6|5|BADW|||25|1.0
74|проблема|проблемой|проблемой|NOUN|75|6|6||||2|1.0
75|многие|многие|многие|NPRO|76|6|7|BADW|||2|1.0
76|сталкиваюсь|сталкиваются|сталкиваются|VERB|77|6|8||||1|1.0
77|ежедневно|ежедневно|ежедневно|ADVB|78|6|9|BADW|||1|1.0
78|,|,|,|PNCT|79|6|10|PNCT|||134|6.0
79|после|после|после|ADVB|80|6|11|BADW|||3|1.0
80|написание|написания|написания|NOUN|81|6|12||||1|1.0
81|или|или|или|CONJ|82|6|13|BADW|||9|1.0
82|анализ|анализа|анализа|NOUN|83|6|14||||8|1.0
83|статья|статьи|статьи|NOUN|84|6|15||||13|1.0
84|,|,|,|PNCT|85|6|16|PNCT|||134|6.0
85|пост|поста|поста|NOUN|86|6|17||||1|1.0
86|,|,|,|PNCT|87|6|18|PNCT|||134|6.0
87|комментарий|комментария|комментария|NOUN|88|6|19||||1|1.0
88|,|,|,|PNCT|89|6|20|PNCT|||134|6.0
89|заметка|заметки|заметки|NOUN|90|6|21||||1|1.0
90|,|,|,|PNCT|91|6|22|PNCT|||134|6.0
91|отчет|отчета|отчета|NOUN|92|6|23||||1|1.0
92|и|и|и|PRCL|93|6|24|BADW|||43|1.0
93|т.д|т.д|т.д|REDU|94|6|25|BADW|||3|1.0
94|.|.|.|PNCT|95|6|26|PNCT|||110|1.0
95|вот|вот|Вот|PRCL|96|7|1|BADW|||3|1.0
96|и|и|и|PRCL|97|7|2|BADW|||43|1.0
97|я|мне|мне|NPRO|98|7|3|BADW|||4|1.0
98|по|по|по|PREP|99|7|4|BADW|||16|2.0
99|род|роду|роду|NOUN|100|7|5||||1|1.0
100|деятельность|деятельности|деятельности|NOUN|101|7|6||||1|1.0
101|прихожусь|приходилось|приходилось|VERB|102|7|7||||1|1.0
102|сталкиваться|сталкиваться|сталкиваться|INFN|103|7|8||||1|1.0
103|с|с|с|NOUN|104|7|9|BADW|||25|1.0
104|данна|данной|данной|NOUN|105|7|10||||1|1.0
105|проблема|проблемой|проблемой|NOUN|106|7|11||||2|1.0
106|по|по|по|PREP|107|7|12|BADW|||16|2.0
107|много|многу|многу|NUMR|108|7|13||||1|1.0
108|раз|раз|раз|CONJ|109|7|14|BADW|||3|1.0
109|в|в|в|NOUN|110|7|15|BADW|||50|1.0
110|день|день|день|NOUN|111|7|16||||1|1.0
111|.|.|.|PNCT|112|7|17|PNCT|||110|1.0
112|поэтому|поэтому|Поэтому|ADVB|113|8|1|BADW|||1|1.0
113|,|,|,|PNCT|114|8|2|PNCT|||134|3.0
114|можно|можно|можно|PRED|115|8|3|BADW|||6|1.0
115|сказать|сказать|сказать|INFN|116|8|4||||1|1.0
116|,|,|,|PNCT|117|8|5|PNCT|||134|3.0
117|к|к|к|NOUN|118|8|6|BADW|||17|1.0
118|идея|идее|идее|NOUN|119|8|7||||3|1.0
119|автоматизация|автоматизации|автоматизации|NOUN|120|8|8||||2|1.0
120|я|меня|меня|NPRO|121|8|9|BADW|||4|1.0
121|привёл|привела|привела|VERB|122|8|10||||1|1.0
122|лень|лень|лень|NOUN|123|8|11|WIQM|||1|1.0
123|,|,|,|PNCT|124|8|12|PNCT|||134|3.0
124|в|в|в|NOUN|125|8|13|BADW|||50|1.0
125|хороший|хорошем|хорошем|ADJF|126|8|14||||1|1.0
126|смысл|смысле|смысле|NOUN|127|8|15||||1|1.0
127|это|этого|этого|NPRO|128|8|16|BADW|||3|1.0
128|слово|слова|слова|NOUN|129|8|17||||34|1.0
129|.|.|.|PNCT|130|8|18|PNCT|||110|1.0
130|сейчас|сейчас|Сейчас|ADVB|131|9|1|BADW|||3|1.0
131|,|,|,|PNCT|132|9|2|PNCT|||134|3.0
132|когда|когда|когда|ADVB|133|9|3|BADW|||1|1.0
133|я|я|я|NPRO|134|9|4|BADW|||4|1.0
134|пишу|пишу|пишу|VERB|135|9|5||||1|1.0
135|этот|эту|эту|ADJF|136|9|6|BADW|||11|1.0
136|статья|статью|статью|NOUN|137|9|7||||13|1.0
137|,|,|,|PNCT|138|9|8|PNCT|||134|3.0
138|сохранился|сохранилась|сохранилась|VERB|139|9|9||||1|1.0
139|идея|идея|идея|NOUN|140|9|10||||3|1.0
140|,|,|,|PNCT|141|9|11|PNCT|||134|3.0
141|но|но|но|INTJ|142|9|12|BADW|||4|1.0
142|набор|набор|набор|NOUN|143|9|13||||4|1.0
143|данные|данных|данных|NOUN|144|9|14||||11|1.0
144|конечный|конечного|конечного|ADJF|145|9|15||||1|1.0
145|результат|результата|результата|NOUN|146|9|16||||9|1.0
146|сильно|сильно|сильно|ADVB|147|9|17|BADW|||1|1.0
147|изменился|изменился|изменился|VERB|148|9|18||||1|1.0
148|.|.|.|PNCT|149|9|19|PNCT|||110|1.0
149|выбираюсь|выбираются|выбираются|VERB|150|10|1||||1|1.0
150|не|не|не|PRCL|151|10|2||||26|1.0
151|слово|слова|слова|NOUN|152|10|3||||34|2.0
152|,|,|,|PNCT|153|10|4|PNCT|||134|1.0
153|а|а|а|CONJ|154|10|5|BADW|||5|1.0
154|ключевой|ключевые|ключевые|ADJF|155|10|6||||11|1.0
155|выражение|выражения|выражения|NOUN|156|10|7||||12|1.0
156|и|и|и|PRCL|157|10|8|BADW|||43|1.0
157|в|в|в|NOUN|158|10|9|BADW|||50|1.0
158|тот|том|том|ADJF|159|10|10|BADW|||9|1.0
159|число|числе|числе|NOUN|160|10|11||||11|1.0
160|слово|слова|слова|NOUN|161|10|12||||34|2.0
161|.|.|.|PNCT|162|10|13|PNCT|||110|1.0
162|список|список|список|NOUN|163|11|1||||14|1.0
163|ключевой|ключевых|ключевых|ADJF|164|11|2||||11|1.0
164|выражение|выражений|выражений|NOUN|165|11|3||||12|1.0
165|размечен|размечен|размечен|PRTS|166|11|4||||1|1.0
166|16-ю|16-ю|16-ю|NUSR|167|11|5|NUSR|||1|1.0
167|различный|различными|различными|ADJF|168|11|6||||1|1.0
168|маркер|маркерами|маркерами|NOUN|169|11|7||||8|1.0
169|.|.|.|PNCT|170|11|8|PNCT|||110|1.0
170|все|все|все|PRCL|171|12|1|BADW|||1|1.0
171|слово|слова|слова|NOUN|172|12|2||||34|1.0
172|текст|текста|текста|NOUN|173|12|3||||28|1.0
173|,|,|,|PNCT|174|12|4|PNCT|||134|3.0
174|в|в|в|NOUN|175|12|5|BADW|||50|2.0
175|тот|том|том|ADJF|176|12|6|BADW|||9|1.0
176|число|числе|числе|NOUN|177|12|7||||11|1.0
177|и|и|и|PRCL|178|12|8|BADW|||43|1.0
178|не|не|не|PRCL|179|12|9||||26|1.0
179|ключевой|ключевые|ключевые|ADJF|180|12|10||||11|1.0
180|,|,|,|PNCT|181|12|11|PNCT|||134|3.0
181|лемматизированы|лемматизированы|лемматизированы|UNKN|182|12|12|UNKN|||1|1.0
182|,|,|,|PNCT|183|12|13|PNCT|||134|3.0
183|приведён|приведены|приведены|PRTS|184|12|14||||2|1.0
184|в|в|в|NOUN|185|12|15|BADW|||50|2.0
185|начальный|начальную|начальную|ADJF|186|12|16||||1|1.0
186|форма|форму|форму|NOUN|187|12|17||||2|1.0
187|или|или|или|CONJ|188|12|18|BADW|||9|1.0
188|унифицирован|унифицированы|унифицированы|PRTS|189|12|19||||1|1.0
189|под|под|под|PREP|190|12|20|BADW|||3|1.0
190|выведенный|выведенный|выведенный|PRTF|191|12|21||||1|1.0
191|формат|формат|формат|NOUN|192|12|22||||3|1.0
192|.|.|.|PNCT|193|12|23|PNCT|||110|1.0
193|каждый|каждое|каждое|ADJF|194|13|1||||3|1.0
194|слово|слово|слово|NOUN|195|13|2||||34|1.0
195|в|в|в|NOUN|196|13|3|BADW|||50|1.0
196|текст|тексте|тексте|NOUN|197|13|4||||28|2.0
197|имею|имеет|имеет|VERB|198|13|5||||3|1.0
198|дополнительный|дополнительную|дополнительную|ADJF|199|13|6||||1|1.0
199|аналитик|аналитику|аналитику|NOUN|200|13|7||||1|1.0
200|,|,|,|PNCT|201|13|8|PNCT|||134|1.0
201|относящийся|относящуюся|относящуюся|PRTF|202|13|9||||1|1.0
202|к|к|к|NOUN|203|13|10|BADW|||17|1.0
203|положение|положению|положению|NOUN|204|13|11||||1|1.0
204|по|по|по|PREP|205|13|12|BADW|||16|1.0
205|текст|тексту|тексту|NOUN|206|13|13||||28|2.0
206|и|и|и|PRCL|207|13|14|BADW|||43|1.0
207|число|числу|числу|NOUN|208|13|15||||11|1.0
208|повторение|повторений|повторений|NOUN|209|13|16||||1|1.0
209|.|.|.|PNCT|210|13|17|PNCT|||110|1.0
210|результат|результаты|Результаты|NOUN|211|14|1||||9|1.0
211|работа|работы|работы|NOUN|212|14|2||||6|1.0
212|по|по|ПО|PREP|213|14|3|BADW|||16|1.0
213|nrlpk|nrlpk|nrlpk|LATN|214|14|4|LATN|||13|2.0
214|nrlpk|natural russian language processing by the keys|Natural Russian Language Processing by the Keys|LATN|215|14|5|LATN|1||13|2.0
215|natural|natural|Natural|LATN|215|14|5|LATN||1|1|1.0
216|russian|russian|Russian|LATN|216|14|6|LATN||1|1|1.0
217|language|language|Language|LATN|217|14|7|LATN||1|1|1.0
218|processing|processing|Processing|LATN|218|14|8|LATN||1|1|1.0
219|by|by|by|LATN|219|14|9|LATN||1|1|1.0
220|the|the|the|LATN|220|14|10|LATN||1|1|1.0
221|keys|keys|Keys|LATN|221|14|11|LATN||1|1|1.0
222|подготавливаю|подготавливают|подготавливают|VERB|222|14|12||||1|1.0
223|данные|данные|данные|NOUN|223|14|13||||11|1.0
224|для|для|для|PREP|224|14|14|BADW|||12|1.0
225|.|.|.|PNCT|225|14|15|PNCT|||110|1.0
226|анализ|анализа|анализа|NOUN|226|15|1||||8|1.0
227|текст|текстов|текстов|NOUN|227|15|2||||28|1.0
228|неограниченный|неограниченного|неограниченного|ADJF|228|15|3||||1|1.0
229|круг|круга|круга|NOUN|229|15|4||||1|1.0
230|тематика|тематик|тематик|NOUN|230|15|5||||4|2.0
231|и|и|и|PRCL|231|15|6|BADW|||43|3.0
232|отрасль|отраслей|отраслей|NOUN|232|15|7||||2|1.0
233|,|,|,|PNCT|233|15|8|PNCT|||134|2.0
234|разработка|разработка|разработка|NOUN|234|15|9||||1|1.0
235|и|и|и|PRCL|235|15|10|BADW|||43|3.0
236|тестирование|тестирование|тестирование|NOUN|236|15|11||||8|1.0
237|провожусь|проводилось|проводилось|VERB|237|15|12||||1|1.0
238|по|по|по|PREP|238|15|13|BADW|||16|1.0
239|материал|материалам|материалам|NOUN|239|15|14||||2|1.0
240|тематика|тематики|тематики|NOUN|240|15|15||||4|2.0
241|промышленность|промышленности|промышленности|NOUN|241|15|16||||1|1.0
242|и|и|и|PRCL|242|15|17|BADW|||43|3.0
243|впк|впк|ВПК|ABVR|243|15|18|SPEC|||3|2.0
244|,|,|,|PNCT|244|15|19|PNCT|||134|2.0
245|впк|военно-промышленного комплекса|Военно-Промышленного Комплекса|NAME|245|15|20|NAME|2||3|2.0
246|военно-промышленного|военно-промышленного|Военно-Промышленного|DSNU|245|15|20|DSNU||2|1|1.0
247|комплекс|комплекса|Комплекса|NOUN|246|15|21|SPEC||2|1|1.0
248|.|.|.|PNCT|247|15|22|PNCT|||110|1.0
249|автоматический|автоматической|автоматической|ADJF|248|16|1||||3|1.0
250|рубрикация|рубрикации|рубрикации|NOUN|249|16|2||||1|1.0
251|,|,|,|PNCT|250|16|3|PNCT|||134|3.0
252|классификация|классификации|классификации|NOUN|251|16|4||||1|1.0
253|,|,|,|PNCT|252|16|5|PNCT|||134|3.0
254|каталогизация|каталогизации|каталогизации|NOUN|253|16|6||||1|1.0
255|,|,|,|PNCT|254|16|7|PNCT|||134|3.0
256|предметизации|предметизации|предметизации|UNKN|255|16|8|UNKN|||1|1.0
257|материал|материалов|материалов|NOUN|256|16|9||||2|1.0
258|online|online|online|ABVR|257|16|10|ABVR|||2|1.0
259|площадки|площадки|площадки|ABVR|258|16|11|ABVR|||1|1.0
260|.|.|.|PNCT|259|16|12|PNCT|||110|1.0
261|контроль|контроля|контроля|NOUN|260|17|1||||2|1.0
262|и|и|и|PRCL|261|17|2|BADW|||43|2.0
263|фильтрация|фильтрации|фильтрации|NOUN|262|17|3||||1|1.0
264|по|по|по|PREP|263|17|4|BADW|||16|1.0
265|содержимое|содержимому|содержимому|NOUN|264|17|5||||1|1.0
266|с|с|с|NOUN|265|17|6|BADW|||25|1.0
267|настройка|настройками|настройками|NOUN|266|17|7||||1|1.0
268|реакция|реакции|реакции|NOUN|267|17|8||||1|1.0
269|система|системы|системы|NOUN|268|17|9||||2|2.0
270|,|,|,|PNCT|269|17|10|PNCT|||134|1.0
271|служба|службам|службам|NOUN|270|17|11||||1|1.0
272|и|и|и|PRCL|271|17|12|BADW|||43|2.0
273|система|системам|системам|NOUN|272|17|13||||2|2.0
274|безопасность|безопасности|безопасности|NOUN|273|17|14||||1|1.0
275|в|в|в|NOUN|274|17|15|BADW|||50|1.0
276|замкнутый|замкнутых|замкнутых|ADJF|275|17|16||||1|1.0
277|контур|контурах|контурах|NOUN|276|17|17||||1|1.0
278|или|или|или|CONJ|277|17|18|BADW|||9|1.0
279|online|online|online|LATN|278|17|19|LATN|||2|1.0
280|.|.|.|PNCT|279|17|20|PNCT|||110|1.0
281|многослойный|многослойной|многослойной|ADJF|280|18|1||||1|1.0
282|разметка|разметки|разметки|NOUN|281|18|2||||1|1.0
283|текст|текстов|текстов|NOUN|282|18|3||||28|1.0
284|ии|ии|ИИ|ABVR|283|18|4|ABVR|||1|1.0
285|.|.|.|PNCT|284|18|5|PNCT|||110|1.0
286|качество|качество|Качество|NOUN|285|19|1||||13|1.0
287|.|.|.|PNCT|286|19|2|PNCT|||110|1.0
288|чтобы|чтобы|Чтобы|PRCL|287|20|1|BADW|||1|1.0
289|не|не|не|PRCL|288|20|2||||26|3.0
290|тянуть|тянуть|тянуть|INFN|289|20|3||||1|1.0
291|через|через|через|PREP|290|20|4|BADW|||2|1.0
292|весь|всю|всю|ADJF|291|20|5||||3|1.0
293|статья|статью|статью|NOUN|292|20|6||||13|1.0
294|тот|тех|тех|ADJF|293|20|7|BADW|||9|1.0
295|,|,|,|PNCT|294|20|8|PNCT|||134|3.0
296|кто|кто|кто|NPRO|295|20|9|BADW|||2|2.0
297|верю|верит|верит|VERB|296|20|10||||1|1.0
298|только|только|только|ADVB|297|20|11|BADW|||1|1.0
299|цифра|цифрам|цифрам|NOUN|298|20|12||||1|1.0
300|,|,|,|PNCT|299|20|13|PNCT|||134|3.0
301|а|а|а|CONJ|300|20|14|BADW|||5|1.0
302|не|не|не|PRCL|301|20|15||||26|3.0
303|слово|словам|словам|NOUN|302|20|16||||34|1.0
304|и|и|и|PRCL|303|20|17|BADW|||43|2.0
305|тем|тем|тем|CONJ|304|20|18|BADW|||2|1.0
306|,|,|,|PNCT|305|20|19|PNCT|||134|3.0
307|кто|кто|кто|NPRO|306|20|20|BADW|||2|2.0
308|ожидаю|ожидает|ожидает|VERB|307|20|21||||1|1.0
309|стопроцентный|стопроцентного|стопроцентного|ADJF|308|20|22||||1|1.0
310|качество|качества|качества|NOUN|309|20|23||||13|1.0
311|и|и|и|PRCL|310|20|24|BADW|||43|2.0
312|другой|другого|другого|ADJF|311|20|25||||1|1.0
313|не|не|не|PRCL|312|20|26||||26|3.0
314|приемлет|приемлет|приемлет|UNKN|313|20|27|UNKN|||1|1.0
315|.|.|.|PNCT|314|20|28|PNCT|||110|1.0
316|качество|качество|Качество|NOUN|315|21|1||||13|1.0
317|выборка|выборки|выборки|NOUN|316|21|2||||2|1.0
318|находился|находится|находится|VERB|317|21|3||||2|1.0
320|в|в|в|NOUN|318|21|4|BADW||3|50|1.0
319|95-100%|в интервале 95-100%|в интервале 95-100%|NUSR|318|21|4|NUSR|3||2|2.0
321|интервал|интервале|интервале|NOUN|319|21|5|||3|2|1.0
322|95-100%|95-100%|95-100%|NUSR|320|21|6|NUSR||3|2|2.0
323|при|при|при|PREP|321|21|7|BADW|||4|1.0
324|тестирование|тестировании|тестировании|NOUN|322|21|8||||8|1.0
325|на|на|на|PRCL|323|21|9|BADW|||14|1.0
326|статья|статьях|статьях|NOUN|324|21|10||||13|1.0
327|,|,|,|PNCT|325|21|11|PNCT|||134|1.0
328|размер|размером|размером|NOUN|326|21|12||||1|1.0
329|не|не|не|PRCL|327|21|13||||26|1.0
330|превышающий|превышающих|превышающих|PRTF|328|21|14||||1|1.0
331|3500с|3500 слов|3500 слов|NUSR|329|21|15|NUSR|4||1|1.0
332|3500|3500|3500|NUMB|329|21|15|NUMB||4|1|1.0
333|слово|слов|слов|NOUN|330|21|16|||4|34|1.0
334|.|.|.|PNCT|331|21|17|PNCT|||110|1.0
335|разброс|разброс|Разброс|NOUN|332|22|1||||1|1.0
336|связан|связан|связан|ADJS|333|22|2||||2|1.0
337|с|с|с|NOUN|334|22|3|BADW|||25|1.0
338|качество|качеством|качеством|NOUN|335|22|4||||13|1.0
339|и|и|и|PRCL|336|22|5|BADW|||43|1.0
340|сложность|сложностью|сложностью|NOUN|337|22|6||||1|1.0
341|изложение|изложения|изложения|NOUN|338|22|7||||1|1.0
342|.|.|.|PNCT|339|22|8|PNCT|||110|1.0
343|вот|вот|Вот|PRCL|340|23|1|BADW|||3|2.0
344|пример|пример|пример|NOUN|341|23|2||||2|1.0
345|один|одной|одной|ADJF|342|23|3||||3|1.0
346|из|из|из|PREP|343|23|4|BADW|||13|1.0
347|статья|статей|статей|NOUN|344|23|5||||13|1.0
348|,|,|,|PNCT|345|23|6|PNCT|||134|2.0
349|участвовавший|участвовавших|участвовавших|PRTF|346|23|7||||1|1.0
350|в|в|в|NOUN|347|23|8|BADW|||50|1.0
351|тестирование|тестировании|тестировании|NOUN|348|23|9||||8|1.0
352|,|,|,|PNCT|349|23|10|PNCT|||134|2.0
353|а|а|а|CONJ|350|23|11|BADW|||5|1.0
354|вот|вот|вот|PRCL|351|23|12|BADW|||3|2.0
355|результат|результат|результат|NOUN|352|23|13||||9|1.0
356|она|её|её|NPRO|353|23|14|BADW|||1|1.0
357|автоматический|автоматического|автоматического|ADJF|354|23|15||||3|1.0
358|анализ|анализа|анализа|NOUN|355|23|16||||8|1.0
359|.|.|.|PNCT|356|23|17|PNCT|||110|1.0
360|из|из|Из|PREP|357|24|1|BADW|||13|1.0
361|полученный|полученного|полученного|PRTF|358|24|2||||3|1.0
362|интервал|интервала|интервала|NOUN|359|24|3||||2|1.0
363|качество|качества|качества|NOUN|360|24|4||||13|2.0
364|необходим|необходимо|необходимо|ADJS|361|24|5||||1|1.0
365|убрать|убрать|убрать|INFN|362|24|6||||1|1.0
366|порядок|порядка|порядка|NOUN|363|24|7||||1|1.0
367|5-7%|5-7%|5-7%|NUSR|364|24|8|NUSR|||1|1.0
368|,|,|,|PNCT|365|24|9|PNCT|||134|2.0
369|т.е|т.е|т.е|REDU|366|24|10|BADW|||1|1.0
370|фактический|фактический|фактический|ADJF|367|24|11||||1|1.0
371|уровень|уровень|уровень|NOUN|368|24|12||||1|1.0
372|качество|качества|качества|NOUN|369|24|13||||13|2.0
373|,|,|,|PNCT|370|24|14|PNCT|||134|2.0
374|скорее|скорее|скорее|CONJ|371|24|15|BADW|||1|1.0
375|есть|будет|будет|VERB|372|24|16|BADW|||8|1.0
376|88-95%|88-95%|88-95%|NUSR|373|24|17|NUSR|||1|1.0
377|.|.|.|PNCT|374|24|18|PNCT|||110|1.0
378|этот|это|Это|ADJF|375|25|1|BADW|||11|1.0
379|связан|связано|связано|PRTS|376|25|2||||2|1.0
380|с|с|с|NOUN|377|25|3|BADW|||25|1.0
381|тем|тем|тем|CONJ|378|25|4|BADW|||2|1.0
382|,|,|,|PNCT|379|25|5|PNCT|||134|1.0
383|что|что|что|PRCL|380|25|6|BADW|||9|1.0
384|.|.|.|PNCT|381|25|7|PNCT|||110|1.0
385|в|в|в|NOUN|382|26|1|BADW|||50|1.0
386|процесс|процессе|процессе|NOUN|383|26|2||||2|1.0
387|тестирование|тестирования|тестирования|NOUN|384|26|3||||8|1.0
388|меняюсь|меняются|меняются|VERB|385|26|4||||1|1.0
389|требование|требования|требования|NOUN|386|26|5||||3|1.0
390|к|к|к|NOUN|387|26|6|BADW|||17|1.0
391|выбираемый|выбираемым|выбираемым|PRTF|388|26|7||||1|1.0
392|данные|данным|данным|NOUN|389|26|8||||11|1.0
393|,|,|,|PNCT|390|26|9|PNCT|||134|2.0
394|который|которых|которых|ADJF|391|26|10|BADW|||9|1.0
395|я|я|я|NPRO|392|26|11|BADW|||4|1.0
396|ранее|ранее|ранее|ADVB|393|26|12|BADW|||1|1.0
397|не|не|не|PRCL|394|26|13||||26|2.0
398|замечаю|замечал|замечал|VERB|395|26|14||||2|2.0
399|и|и|и|PRCL|396|26|15|BADW|||43|2.0
400|полагаю|полагаю|полагаю|VERB|397|26|16||||2|1.0
401|,|,|,|PNCT|398|26|17|PNCT|||134|2.0
402|что|что|что|PRCL|399|26|18|BADW|||9|1.0
403|не|не|не|PRCL|400|26|19||||26|2.0
404|всё|всё|всё|PRCL|401|26|20|BADW|||2|1.0
405|замечаю|замечаю|замечаю|VERB|402|26|21||||2|2.0
406|и|и|и|PRCL|403|26|22|BADW|||43|2.0
407|сейчас|сейчас|сейчас|ADVB|404|26|23|BADW|||3|1.0
408|.|.|.|PNCT|405|26|24|PNCT|||110|1.0
409|при|при|при|PREP|406|27|1|BADW|||4|1.0
410|ручной|ручной|ручной|ADJF|407|27|2||||6|1.0
411|сверка|сверке|сверке|NOUN|408|27|3||||2|1.0
412|присутствую|присутствует|присутствует|VERB|409|27|4||||1|1.0
413|мой|мое|мое|ADJF|410|27|5||||1|1.0
414|субъективный|субъективное|субъективное|ADJF|411|27|6||||1|1.0
415|мнение|мнение|мнение|NOUN|412|27|7||||3|2.0
416|,|,|,|PNCT|413|27|8|PNCT|||134|3.0
417|что|что|что|PRCL|414|27|9|BADW|||9|2.0
418|именно|именно|именно|PRCL|415|27|10|BADW|||1|1.0
419|в|в|в|NOUN|416|27|11|BADW|||50|1.0
420|статья|статье|статье|NOUN|417|27|12||||13|2.0
421|можно|можно|можно|PRED|418|27|13|BADW|||6|1.0
422|признать|признать|признать|INFN|419|27|14||||1|1.0
423|ключ|ключом|ключом|NOUN|420|27|15||||10|3.0
424|,|,|,|PNCT|421|27|16|PNCT|||134|3.0
425|а|а|а|CONJ|422|27|17|BADW|||5|1.0
426|что|что|что|PRCL|423|27|18|BADW|||9|2.0
427|нет|нет|нет|PRED|424|27|19||||1|1.0
428|,|,|,|PNCT|425|27|20|PNCT|||134|3.0
429|и|и|и|PRCL|426|27|21|BADW|||43|1.0
430|оно|оно|оно|NPRO|427|27|22|BADW|||1|1.0
431|с|с|с|NOUN|428|27|23|BADW|||25|2.0
432|большой|большой|большой|ADJF|429|27|24||||2|1.0
433|доля|долей|долей|NOUN|430|27|25||||2|1.0
434|вероятность|вероятности|вероятности|NOUN|431|27|26||||1|1.0
435|не|не|не|PRCL|432|27|27||||26|1.0
436|совпадаю|совпадает|совпадает|VERB|433|27|28||||1|1.0
437|ключ|ключ|ключ|NOUN|434|27|29||||10|3.0
438|к|к|к|NOUN|435|27|30|BADW|||17|1.0
439|ключ|ключу|ключу|NOUN|436|27|31||||10|3.0
440|с|с|с|NOUN|437|27|32|BADW|||25|2.0
441|мнение|мнением|мнением|NOUN|438|27|33||||3|2.0
442|автор|авторов|авторов|NOUN|439|27|34||||5|1.0
443|статья|статей|статей|NOUN|440|27|35||||13|2.0
444|.|.|.|PNCT|441|27|36|PNCT|||110|1.0
445|с|с|С|NOUN|442|28|1|BADW|||25|1.0
446|полный|полным|полным|ADJF|443|28|2||||1|1.0
447|список|списком|списком|NOUN|444|28|3||||14|1.0
448|статья|статей|статей|NOUN|445|28|4||||13|1.0
449|,|,|,|PNCT|446|28|5|PNCT|||134|2.0
450|на|на|на|PRCL|447|28|6|BADW|||14|2.0
451|который|которых|которых|ADJF|448|28|7|BADW|||9|1.0
452|иду|шло|шло|VERB|449|28|8||||1|1.0
453|тестирование|тестирование|тестирование|NOUN|450|28|9||||8|1.0
454|,|,|,|PNCT|451|28|10|PNCT|||134|2.0
455|развернутый|развернутой|развернутой|PRTF|452|28|11||||1|1.0
456|статистика|статистикой|статистикой|NOUN|453|28|12||||4|1.0
457|результат|результатов|результатов|NOUN|454|28|13||||9|1.0
458|можно|можно|можно|PRED|455|28|14|BADW|||6|1.0
459|ознакомиться|ознакомиться|ознакомиться|INFN|456|28|15||||1|1.0
460|на|на|на|PRCL|457|28|16|BADW|||14|2.0
461|github|github|GitHub|LATN|458|28|17|LATN|||4|1.0
462|.|.|.|PNCT|459|28|18|PNCT|||110|1.0
463|что|что|Что|PRCL|460|29|1|BADW|||9|1.0
464|конкретно|конкретно|конкретно|ADVB|461|29|2|BADW|||1|1.0
465|повлиял|повлияло|повлияло|VERB|462|29|3||||1|1.0
466|на|на|на|PRCL|463|29|4|BADW|||14|2.0
467|качество|качество|качество|NOUN|464|29|5||||13|1.0
468|результат|результата|результата|NOUN|465|29|6||||9|1.0
469|в|в|в|NOUN|466|29|7|BADW|||50|2.0
470|каждый|каждой|каждой|ADJF|467|29|8||||3|1.0
471|статья|статье|статье|NOUN|468|29|9||||13|1.0
472|,|,|,|PNCT|469|29|10|PNCT|||134|1.0
473|можно|можно|можно|PRED|470|29|11|BADW|||6|1.0
474|посмотреть|посмотреть|посмотреть|INFN|471|29|12||||1|1.0
475|в|в|в|NOUN|472|29|13|BADW|||50|2.0
476|файл|файле|файле|NOUN|473|29|14||||5|1.0
477|reasons|reasons|Reasons|LATN|474|29|15|LATN|||1|1.0
478|на|на|на|PRCL|475|29|16|BADW|||14|2.0
479|github|github|GitHub|LATN|476|29|17|LATN|||4|1.0
480|.|.|.|PNCT|477|29|18|PNCT|||110|1.0
481|как|как|Как|ADVB|478|30|1|BADW|||4|1.0
482|читать|читать|читать|INFN|479|30|2||||2|1.0
483|результат|результаты|результаты|NOUN|480|30|3||||9|1.0
484|.|.|.|PNCT|481|30|4|PNCT|||110|1.0
485|в|в|В|NOUN|482|31|1|BADW|||50|2.0
486|каждый|каждой|каждой|ADJF|483|31|2||||3|1.0
487|папка|папке|папке|NOUN|484|31|3||||2|1.0
488|по|по|по|PREP|485|31|4|BADW|||16|1.0
489|ссылка|ссылке|ссылке|NOUN|486|31|5||||1|1.0
490|из|из|из|PREP|487|31|6|BADW|||13|1.0
491|анализируемый|анализируемой|анализируемой|PRTF|488|31|7||||1|1.0
492|статья|статьи|статьи|NOUN|489|31|8||||13|1.0
493|лежу|лежит|лежит|VERB|490|31|9||||1|1.0
494|5ф|5 файлов|5 файлов|NUSR|491|31|10|NUSR|5||1|1.0
495|5|5|5|NUMB|491|31|10|NUMB||5|3|1.0
496|файл|файлов|файлов|NOUN|492|31|11|||5|5|1.0
497|с|с|с|NOUN|493|31|12|BADW|||25|1.0
498|набор|набором|набором|NOUN|494|31|13||||4|1.0
499|данные|данных|данных|NOUN|495|31|14||||11|1.0
500|в|в|в|NOUN|496|31|15|BADW|||50|2.0
501|юникоде|юникоде|юникоде|UNKN|497|31|16|UNKN|||2|1.0
502|.|.|.|PNCT|498|31|17|PNCT|||110|1.0
503|1|1|1|NUMB|499|32|1|NUMB|||3|1.0
504|.|.|.|PNCT|500|32|2|PNCT|||110|1.0
505|wc|words.csv|words.csv|LATN|501|33|1|LATN|||1|1.0
506|,|,|,|PNCT|502|33|2|PNCT|||134|2.0
507|список|список|список|NOUN|503|33|3||||14|2.0
508|релевантный|релевантных|релевантных|ADJF|504|33|4||||1|1.0
509|слово|слов|слов|NOUN|505|33|5||||34|1.0
510|,|,|,|PNCT|506|33|6|PNCT|||134|2.0
511|включая|включая|включая|PREP|507|33|7|BADW|||1|1.0
512|список|список|список|NOUN|508|33|8||||14|2.0
513|неидентифицированных|неидентифицированных|неидентифицированных|UNKN|509|33|9|UNKN|||2|1.0
514|.|.|.|PNCT|510|33|10|PNCT|||110|1.0
515|2|2|2|NUMB|511|34|1|NUMB|||2|1.0
516|.|.|.|PNCT|512|34|2|PNCT|||110|1.0
517|kc|keys.csv|keys.csv|LATN|513|35|1|LATN|||1|1.0
518|,|,|,|PNCT|514|35|2|PNCT|||134|5.0
519|список|список|список|NOUN|515|35|3||||14|1.0
520|ключевой|ключевых|ключевых|ADJF|516|35|4||||11|1.0
521|слово|слов|слов|NOUN|517|35|5||||34|2.0
522|,|,|,|PNCT|518|35|6|PNCT|||134|5.0
523|сейчас|сейчас|сейчас|ADVB|519|35|7|BADW|||3|1.0
524|содержу|содержит|содержит|VERB|520|35|8||||3|1.0
525|,|,|,|PNCT|521|35|9|PNCT|||134|5.0
526|кроме|кроме|кроме|PREP|522|35|10|BADW|||2|1.0
527|маркированный|маркированных|маркированных|ADJF|523|35|11||||1|1.0
528|выражение|выражений|выражений|NOUN|524|35|12||||12|1.0
529|ещё|ещё|ещё|ADVB|525|35|13|BADW|||2|1.0
530|и|и|и|PRCL|526|35|14|BADW|||43|1.0
531|слово|слова|слова|NOUN|527|35|15||||34|2.0
532|,|,|,|PNCT|528|35|16|PNCT|||134|5.0
533|который|которые|которые|ADJF|529|35|17|BADW|||9|1.0
534|повторяюсь|повторяются|повторяются|VERB|530|35|18||||1|1.0
535|по|по|по|PREP|531|35|19|BADW|||16|1.0
536|текст|тексту|тексту|NOUN|532|35|20||||28|1.0
537|не|не|не|PRCL|533|35|21||||26|2.0
538|менее|менее|менее|ADVB|534|35|22|BADW|||3|2.0
539|заданный|заданного|заданного|ADJF|535|35|23||||1|1.0
540|число|числа|числа|NOUN|536|35|24||||11|1.0
541|раз|раз|раз|CONJ|537|35|25|BADW|||3|2.0
542|,|,|,|PNCT|538|35|26|PNCT|||134|5.0
543|в|в|в|NOUN|539|35|27|BADW|||50|1.0
544|данный|данном|данном|ADJF|540|35|28||||3|1.0
545|случай|случае|случае|NOUN|541|35|29||||2|1.0
546|не|не|не|PRCL|542|35|30||||26|2.0
547|менее|менее|менее|ADVB|543|35|31|BADW|||3|2.0
548|4р|4 раз|4 раз|NUSR|544|35|32|NUSR|6||1|1.0
549|4|4|4|NUMB|544|35|32|NUMB||6|2|1.0
550|раз|раз|раз|CONJ|545|35|33|BADW||6|3|2.0
551|.|.|.|PNCT|546|35|34|PNCT|||110|1.0
552|3|3|3|NUMB|547|36|1|NUMB|||2|1.0
553|.|.|.|PNCT|548|36|2|PNCT|||110|1.0
554|gc|garbage.csv|garbage.csv|LATN|549|37|1|LATN|||1|1.0
555|,|,|,|PNCT|550|37|2|PNCT|||134|1.0
556|список|список|список|NOUN|551|37|3||||14|1.0
557|неидентифицированных|неидентифицированных|неидентифицированных|UNKN|552|37|4|UNKN|||2|1.0
558|слово|слов|слов|NOUN|553|37|5||||34|1.0
559|.|.|.|PNCT|554|37|6|PNCT|||110|1.0
560|4|4|4|NUMB|555|38|1|NUMB|||2|1.0
561|.|.|.|PNCT|556|38|2|PNCT|||110|1.0
562|dc|descr_words.csv|descr_words.csv|LATN|557|39|1|LATN|||2|1.0
563|,|,|,|PNCT|558|39|2|PNCT|||134|1.0
564|описание|описание|описание|NOUN|559|39|3||||2|1.0
565|статистика|статистика|статистика|ABVR|560|39|4|ABVR|||4|1.0
566|к|к|к|NOUN|561|39|5|BADW|||17|1.0
567|список|списку|списку|NOUN|562|39|6||||14|1.0
568|весь|всех|всех|ADJF|563|39|7||||3|1.0
569|слово|слов|слов|NOUN|564|39|8||||34|1.0
570|текст|текста|текста|NOUN|565|39|9||||28|1.0
571|.|.|.|PNCT|566|39|10|PNCT|||110|1.0
572|5|5|5|NUMB|567|40|1|NUMB|||3|1.0
573|.|.|.|PNCT|568|40|2|PNCT|||110|1.0
574|dc|descr_keys.csv|descr_keys.csv|LATN|569|41|1|LATN|||2|1.0
575|,|,|,|PNCT|570|41|2|PNCT|||134|1.0
576|описание|описание|описание|NOUN|571|41|3||||2|1.0
577|статистика|статистика|статистика|ABVR|572|41|4|ABVR|||4|1.0
578|к|к|к|NOUN|573|41|5|BADW|||17|1.0
579|список|списку|списку|NOUN|574|41|6||||14|1.0
580|ключевой|ключевых|ключевых|ADJF|575|41|7||||11|1.0
581|слово|слов|слов|NOUN|576|41|8||||34|1.0
582|.|.|.|PNCT|577|41|9|PNCT|||110|1.0
583|6|6|6|NUMB|578|42|1|NUMB|||1|1.0
584|.|.|.|PNCT|579|42|2|PNCT|||110|1.0
585|rt|reasons_quality.txt|reasons_quality.txt|LATN|580|43|1|LATN|||1|1.0
586|,|,|,|PNCT|581|43|2|PNCT|||134|3.0
587|необязательный|необязательный|необязательный|ABVR|582|43|3|ABVR|||1|1.0
588|список|список|список|NOUN|583|43|4||||14|1.0
589|выражение|выражений|выражений|NOUN|584|43|5||||12|1.0
590|из|из|из|PREP|585|43|6|BADW|||13|1.0
591|статья|статьи|статьи|NOUN|586|43|7||||13|1.0
592|,|,|,|PNCT|587|43|8|PNCT|||134|3.0
593|отобранный|отобранных|отобранных|PRTF|588|43|9||||1|1.0
594|вручную|вручную|вручную|ADVB|589|43|10|BADW|||1|1.0
595|и|и|и|PRCL|590|43|11|BADW|||43|1.0
596|не|не|не|PRCL|591|43|12||||26|1.0
597|попавший|попавших|попавших|PRTF|592|43|13||||4|2.0
598|в|в|в|NOUN|593|43|14|BADW|||50|1.0
599|ключ|ключи|ключи|NOUN|594|43|15||||10|1.0
600|,|,|,|PNCT|595|43|16|PNCT|||134|3.0
601|или|или|или|CONJ|596|43|17|BADW|||9|1.0
602|попавший|попавших|попавших|PRTF|597|43|18||||4|2.0
603|некорректно|некорректно|некорректно|ADVB|598|43|19|BADW|||2|1.0
605|по|по|по|PREP|599|43|20|BADW||7|16|1.0
604|пма|по мнению автора|по мнению автора|ABVR|599|43|20|ABVR|7||1|1.0
606|мнение|мнению|мнению|NOUN|600|43|21|||7|3|1.0
607|автор|автора|автора|NOUN|601|43|22|||7|5|1.0
608|nrlpk|nrlpk|nrlpk|ABVR|602|43|23|ABVR|||13|1.0
609|.|.|.|PNCT|603|43|24|PNCT|||110|1.0
610|как|как|Как|ADVB|604|44|1|BADW|||4|1.0
611|читать|читать|читать|INFN|605|44|2||||2|1.0
612|этот|эти|эти|ADJF|606|44|3|BADW|||11|1.0
613|файл|файлы|файлы|NOUN|607|44|4||||5|2.0
614|можно|можно|можно|PRED|608|44|5|BADW|||6|1.0
615|узнать|узнать|узнать|INFN|609|44|6||||1|1.0
616|в|в|в|NOUN|610|44|7|BADW|||50|1.0
617|файл|файле|файле|NOUN|611|44|8||||5|2.0
618|legend|legend|Legend|LATN|612|44|9|LATN|||1|1.0
619|на|на|на|PRCL|613|44|10|BADW|||14|1.0
620|github|github|GitHub|LATN|614|44|11|LATN|||4|1.0
621|.|.|.|PNCT|615|44|12|PNCT|||110|1.0
622|nrlpk|nrlpk|nrlpk|LATN|616|45|1|LATN|||13|1.0
623|позволяю|позволяет|позволяет|VERB|617|45|2||||1|1.0
624|получить|получить|получить|INFN|618|45|3||||1|1.0
625|любой|любой|любой|NPRO|619|45|4|BADW|||3|1.0
626|набор|набор|набор|NOUN|620|45|5||||4|1.0
627|данные|данных|данных|NOUN|621|45|6||||11|1.0
628|в|в|в|NOUN|622|45|7|BADW|||50|1.0
629|один|одном|одном|ADJF|623|45|8||||3|1.0
630|из|из|из|PREP|624|45|9|BADW|||13|1.0
631|следующий|следующих|следующих|ADJF|625|45|10||||3|1.0
632|формат|форматов|форматов|NOUN|626|45|11||||3|1.0
633|.|.|.|PNCT|627|45|12|PNCT|||110|1.0
634|pd|pandas dataframe|Pandas DataFrame|LATN|628|46|1|LATN|8||2|1.0
635|pandas|pandas|Pandas|LATN|628|46|1|LATN||8|3|1.0
636|dataframe|dataframe|DataFrame|LATN|629|46|2|LATN||8|1|1.0
638|по|по|по|PREP|630|46|3|BADW||9|16|1.0
637|пу|по умолчанию|по умолчанию|ABVR|630|46|3|ABVR|9||1|1.0
639|умолчание|умолчанию|умолчанию|NOUN|631|46|4|||9|1|1.0
640|.|.|.|PNCT|632|46|5|PNCT|||110|1.0
641|pd|python dictionary|Python Dictionary|LATN|633|47|1|LATN|10||2|1.0
642|python|python|Python|LATN|633|47|1|LATN||10|2|1.0
643|dictionary|dictionary|Dictionary|LATN|634|47|2|LATN||10|1|1.0
644|.|.|.|PNCT|635|47|3|PNCT|||110|1.0
645|json|json|JSON|LATN|636|48|1|LATN|||1|1.0
646|.|.|.|PNCT|637|48|2|PNCT|||110|1.0
647|csv|csv|CSV|LATN|638|49|1|LATN|||1|1.0
648|файл|файл|файл|NOUN|639|49|2||||5|1.0
649|.|.|.|PNCT|640|49|3|PNCT|||110|1.0
650|методика|методика|Методика|NOUN|641|50|1||||1|1.0
651|тестирование|тестирования|тестирования|NOUN|642|50|2||||8|1.0
652|.|.|.|PNCT|643|50|3|PNCT|||110|1.0
653|1|1|1|NUMB|644|51|1|NUMB|||3|1.0
654|.|.|.|PNCT|645|51|2|PNCT|||110|1.0
655|программный|программный|Программный|ADJF|646|52|1||||1|1.0
656|автоматический|автоматический|автоматический|ABVR|647|52|2|ABVR|||3|1.0
657|анализ|анализ|анализ|NOUN|648|52|3||||8|1.0
658|текст|текста|текста|NOUN|649|52|4||||28|1.0
659|.|.|.|PNCT|650|52|5|PNCT|||110|1.0
660|2|2|2|NUMB|651|53|1|NUMB|||2|1.0
661|.|.|.|PNCT|652|53|2|PNCT|||110|1.0
662|ручной|ручное|Ручное|ADJF|653|54|1||||6|2.0
663|глазками|глазками|глазками|ABVR|654|54|2|ABVR|||1|1.0
664|выявление|выявление|выявление|NOUN|655|54|3||||7|1.0
665|,|,|,|PNCT|656|54|4|PNCT|||134|3.0
666|ручной|ручное|ручное|ADJF|657|54|5||||6|2.0
667|маркирование|маркирование|маркирование|ABVR|658|54|6|ABVR|||1|1.0
668|ключевой|ключевых|ключевых|ADJF|659|54|7||||11|2.0
669|выражение|выражений|выражений|NOUN|660|54|8||||12|2.0
670|и|и|и|PRCL|661|54|9|BADW|||43|1.0
671|сверка|сверка|сверка|NOUN|662|54|10||||2|1.0
672|полученный|полученного|полученного|PRTF|663|54|11||||3|2.0
673|список|списка|списка|NOUN|664|54|12||||14|2.0
674|ключевой|ключевых|ключевых|ADJF|665|54|13||||11|2.0
675|выражение|выражений|выражений|NOUN|666|54|14||||12|2.0
676|,|,|,|PNCT|667|54|15|PNCT|||134|3.0
677|с|со|со|PREP|668|54|16|BADW|||25|1.0
678|список|списком|списком|NOUN|669|54|17||||14|2.0
679|,|,|,|PNCT|670|54|18|PNCT|||134|3.0
680|полученный|полученным|полученным|PRTF|671|54|19||||3|2.0
681|автоматически|автоматически|автоматически|ADVB|672|54|20||||3|1.0
682|.|.|.|PNCT|673|54|21|PNCT|||110|1.0
683|3|3|3|NUMB|674|55|1|NUMB|||2|1.0
684|.|.|.|PNCT|675|55|2|PNCT|||110|1.0
685|расчет|расчет|Расчет|NOUN|676|56|1||||1|1.0
686|процент|процента|процента|NOUN|677|56|2||||3|1.0
687|качество|качества|качества|NOUN|678|56|3||||13|1.0
688|,|,|,|PNCT|679|56|4|PNCT|||134|2.0
689|число|число|число|NOUN|680|56|5||||11|3.0
690|не|не|не|PRCL|681|56|6||||26|1.0
691|попавший|попавших|попавших|PRTF|682|56|7||||4|2.0
692|выражение|выражений|выражений|NOUN|683|56|8||||12|1.0
693|или|или|или|CONJ|684|56|9|BADW|||9|1.0
694|попавший|попавших|попавших|PRTF|685|56|10||||4|2.0
695|в|в|в|NOUN|686|56|11|BADW|||50|3.0
696|ключ|ключи|ключи|NOUN|687|56|12||||10|1.0
697|некорректно|некорректно|некорректно|ADVB|688|56|13|BADW|||2|1.0
698|число|число|число|NOUN|689|56|14||||11|3.0
699|слово|слов|слов|NOUN|690|56|15||||34|2.0
700|в|в|в|NOUN|691|56|16|BADW|||50|3.0
701|мусор|мусоре|мусоре|NOUN|692|56|17||||1|1.0
702|,|,|,|PNCT|693|56|18|PNCT|||134|2.0
703|к|к|к|NOUN|694|56|19|BADW|||17|1.0
704|общий|общему|общему|ADJF|695|56|20||||1|1.0
705|число|числу|числу|NOUN|696|56|21||||11|3.0
706|слово|слов|слов|NOUN|697|56|22||||34|2.0
707|в|в|в|NOUN|698|56|23|BADW|||50|3.0
708|текст|тексте|тексте|NOUN|699|56|24||||28|1.0
709|.|.|.|PNCT|700|56|25|PNCT|||110|1.0
710|инструмент|инструменты|Инструменты|NOUN|701|57|1||||1|1.0
711|.|.|.|PNCT|702|57|2|PNCT|||110|1.0
712|nrlpk|nrlpk|nrlpk|LATN|703|58|1|LATN|||13|1.0
713|написан|написан|написан|PRTS|704|58|2||||2|1.0
714|на|на|на|PRCL|705|58|3|BADW|||14|1.0
715|python|python|Python|LATN|706|58|4|LATN|||2|1.0
716|3.7.0|3.7.0|3.7.0|NUSR|707|58|5|NUSR|||1|1.0
717|.|.|.|PNCT|708|58|6|PNCT|||110|1.0
718|уже|уже|Уже|PRCL|709|59|1|BADW|||2|1.0
719|в|в|в|NOUN|710|59|2|BADW|||50|1.0
720|процесс|процессе|процессе|NOUN|711|59|3||||2|1.0
721|проработка|проработки|проработки|NOUN|712|59|4||||1|1.0
722|к|к|к|NOUN|713|59|5|BADW|||17|1.0
723|будущее|будущему|будущему|NOUN|714|59|6||||1|1.0
724|по|по|ПО|PREP|715|59|7|BADW|||16|1.0
725|nrlpk|nrlpk|nrlpk|LATN|716|59|8|LATN|||13|1.0
726|появился|появились|появились|VERB|717|59|9||||1|1.0
727|два|два|два|NUMR|718|59|10||||1|1.0
728|обязательный|обязательных|обязательных|ADJF|719|59|11||||1|1.0
729|требование|требования|требования|NOUN|720|59|12||||3|1.0
730|.|.|.|PNCT|721|59|13|PNCT|||110|1.0
731|выбираем|выбираем|выбираем|PRTS|722|60|1||||1|1.0
732|выражение|выражения|выражения|NOUN|723|60|2||||12|1.0
733|,|,|,|PNCT|724|60|3|PNCT|||134|2.0
734|а|а|а|CONJ|725|60|4|BADW|||5|1.0
735|не|не|не|PRCL|726|60|5||||26|1.0
736|слово|слова|слова|NOUN|727|60|6||||34|2.0
737|,|,|,|PNCT|728|60|7|PNCT|||134|2.0
738|слово|слова|слова|NOUN|729|60|8||||34|2.0
739|в|в|в|NOUN|730|60|9|BADW|||50|1.0
740|тот|том|том|ADJF|731|60|10|BADW|||9|1.0
741|число|числе|числе|NOUN|732|60|11||||11|1.0
742|.|.|.|PNCT|733|60|12|PNCT|||110|1.0
743|наличие|наличие|наличие|NOUN|734|61|1||||1|1.0
744|словарь|словаря|словаря|NOUN|735|61|2||||9|1.0
745|специализированный|специализированных|специализированных|ADJF|736|61|3||||3|1.0
746|отраслевой|отраслевых|отраслевых|ADJF|737|61|4||||2|1.0
747|термин|терминов|терминов|NOUN|738|61|5||||1|1.0
748|.|.|.|PNCT|739|61|6|PNCT|||110|1.0
749|этот|эти|Эти|ADJF|740|62|1|BADW|||11|1.0
750|требование|требования|требования|NOUN|741|62|2||||3|1.0
751|поставил|поставили|поставили|VERB|742|62|3||||1|1.0
752|под|под|под|PREP|743|62|4|BADW|||3|1.0
753|сомнение|сомнение|сомнение|NOUN|744|62|5||||2|1.0
754|использование|использование|использование|NOUN|745|62|6||||1|1.0
755|nltk|nltk|NLTK|LATN|746|62|7|LATN|||1|1.0
756|и|и|и|PRCL|747|62|8|BADW|||43|1.0
757|pymorphy2|pymorphy2|pymorphy2|LATN|748|62|9|LATN|||4|1.0
758|,|,|,|PNCT|749|62|10|PNCT|||134|1.0
759|который|которые|которые|ADJF|750|62|11|BADW|||9|1.0
760|могу|могли|могли|VERB|751|62|12||||1|1.0
761|бы|бы|бы|PRCL|752|62|13|BADW|||2|1.0
762|решить|решить|решить|INFN|753|62|14||||1|1.0
763|часть|часть|часть|NOUN|754|62|15||||3|1.0
764|стоящий|стоящих|стоящих|ADJF|755|62|16||||1|1.0
765|задача|задач|задач|NOUN|756|62|17||||4|1.0
766|.|.|.|PNCT|757|62|18|PNCT|||110|1.0
767|для|для|Для|PREP|758|63|1|BADW|||12|1.0
768|снятие|снятия|снятия|NOUN|759|63|2||||1|1.0
769|сомнение|сомнений|сомнений|NOUN|760|63|3||||2|1.0
770|есть|была|была|VERB|761|63|4|BADW|||8|1.0
771|проведён|проведена|проведена|PRTS|762|63|5||||1|1.0
772|ручной|ручная|ручная|ADJF|763|63|6||||6|1.0
773|маркировка|маркировка|маркировка|NOUN|764|63|7||||2|1.0
774|выборка|выборки|выборки|NOUN|765|63|8||||2|1.0
775|текст|текстов|текстов|NOUN|766|63|9||||28|1.0
776|из|из|из|PREP|767|63|10|BADW|||13|1.0
777|сми|сми|СМИ|NOUN|768|63|11|UPPR|||1|1.0
778|,|,|,|PNCT|769|63|12|PNCT|||134|2.0
779|взятый|взятых|взятых|PRTF|770|63|13||||1|1.0
780|с|с|с|NOUN|771|63|14|BADW|||25|1.0
781|крупнейший|крупнейшего|крупнейшего|ADJF|772|63|15||||1|1.0
782|русскоязычный|русскоязычного|русскоязычного|ADJF|773|63|16||||1|1.0
783|агрегатора|агрегатора|агрегатора|UNKN|774|63|17|UNKN|||1|1.0
784|новость|новостей|новостей|NOUN|775|63|18||||1|1.0
785|по|по|по|PREP|776|63|19|BADW|||16|1.0
786|тематика|тематике|тематике|NOUN|777|63|20||||4|1.0
787|впк|впк|ВПК|ABVR|778|63|21|SPEC|||3|1.0
788|,|,|,|PNCT|779|63|22|PNCT|||134|2.0
789|впк.name|впк.name|ВПК.Name|TITL|780|63|23|TITL|||1|1.0
790|.|.|.|PNCT|781|63|24|PNCT|||110|1.0
791|анализ|анализ|Анализ|NOUN|782|64|1||||8|1.0
792|маркировка|маркировки|маркировки|NOUN|783|64|2||||2|1.0
793|выявил|выявил|выявил|VERB|784|64|3||||1|1.0
794|.|.|.|PNCT|785|64|4|PNCT|||110|1.0
795|целый|целый|целый|ADJF|786|65|1||||1|1.0
796|слой|слой|слой|NOUN|787|65|2||||1|1.0
797|данные|данных|данных|NOUN|788|65|3||||11|1.0
798|,|,|,|PNCT|789|65|4|PNCT|||134|1.0
799|который|которые|которые|ADJF|790|65|5|BADW|||9|1.0
800|не|не|не|PRCL|791|65|6||||26|1.0
801|должен|должны|должны|ADJS|792|65|7||||1|1.0
802|подвергаться|подвергаться|подвергаться|INFN|793|65|8||||1|1.0
803|пословный|пословной|пословной|ADJF|794|65|9||||1|1.0
804|токенизации|токенизации|токенизации|UNKN|795|65|10|UNKN|||2|1.0
805|и|и|и|PRCL|796|65|11|BADW|||43|1.0
806|лемматизация|лемматизации|лемматизации|NOUN|797|65|12||||2|1.0
807|.|.|.|PNCT|798|65|13|PNCT|||110|1.0
808|невозможность|невозможность|невозможность|NOUN|799|66|1||||1|1.0
809|в|во|во|PREP|800|66|2|BADW|||50|2.0
810|многие|многих|многих|NPRO|801|66|3|BADW|||2|1.0
811|случай|случаях|случаях|NOUN|802|66|4||||2|1.0
812|токенизации|токенизации|токенизации|UNKN|803|66|5|UNKN|||2|1.0
813|по|по|по|PREP|804|66|6|BADW|||16|1.0
814|предложение|предложениям|предложениям|NOUN|805|66|7||||1|1.0
815|до|до|до|PREP|806|66|8|BADW|||1|1.0
816|серьезный|серьезной|серьезной|ADJF|807|66|9||||1|1.0
817|трансформация|трансформации|трансформации|NOUN|808|66|10||||2|1.0
818|текст|текста|текста|NOUN|809|66|11||||28|1.0
819|для|для|для|PREP|810|66|12|BADW|||12|1.0
820|исправление|исправления|исправления|NOUN|811|66|13||||1|1.0
821|грамматический|грамматических|грамматических|ADJF|812|66|14||||1|1.0
822|неточность|неточностей|неточностей|NOUN|813|66|15||||2|1.0
823|,|,|,|PNCT|814|66|16|PNCT|||134|1.0
824|который|которые|которые|ADJF|815|66|17|BADW|||9|1.0
825|допускаю|допускают|допускают|VERB|816|66|18||||1|1.0
826|автор|авторы|авторы|NOUN|817|66|19||||5|1.0
827|более|более|более|ADVB|818|66|20|BADW|||1|1.0
828|чем|чем|чем|CONJ|819|66|21|BADW|||1|1.0
830|в|в|в|NOUN|820|66|22|BADW||11|50|2.0
829|80%|в 80%|в 80%|NUSR|820|66|22|NUSR|11||2|2.0
831|80%|80%|80%|NUSR|821|66|23|NUSR||11|2|2.0
832|статья|статей|статей|NOUN|822|66|24||||13|1.0
833|.|.|.|PNCT|823|66|25|PNCT|||110|1.0
834|этот|эти|Эти|ADJF|824|67|1|BADW|||11|1.0
835|неточность|неточности|неточности|NOUN|825|67|2||||2|1.0
836|никак|никак|никак|PRCL|826|67|3|BADW|||1|1.0
837|не|не|не|PRCL|827|67|4||||26|1.0
838|влияю|влияют|влияют|VERB|828|67|5||||2|2.0
839|на|на|на|PRCL|829|67|6|BADW|||14|2.0
840|восприятие|восприятие|восприятие|NOUN|830|67|7||||2|2.0
841|текст|текста|текста|NOUN|831|67|8||||28|2.0
842|человек|человеком|человеком|NOUN|832|67|9||||2|1.0
843|,|,|,|PNCT|833|67|10|PNCT|||134|1.0
844|но|но|но|INTJ|834|67|11|BADW|||4|1.0
845|очень|очень|очень|ADVB|835|67|12|BADW|||1|1.0
846|существенно|существенно|существенно|ADVB|836|67|13|BADW|||1|1.0
847|влияю|влияют|влияют|VERB|837|67|14||||2|2.0
848|на|на|на|PRCL|838|67|15|BADW|||14|2.0
849|восприятие|восприятие|восприятие|NOUN|839|67|16||||2|2.0
850|и|и|и|PRCL|840|67|17|BADW|||43|1.0
851|интерпретация|интерпретацию|интерпретацию|NOUN|841|67|18||||1|1.0
852|такой|такого|такого|ADJF|842|67|19|BADW|||3|1.0
853|текст|текста|текста|NOUN|843|67|20||||28|2.0
854|машина|машиной|машиной|NOUN|844|67|21|SPEC|||1|1.0
855|.|.|.|PNCT|845|67|22|PNCT|||110|1.0
856|кроме|кроме|Кроме|PREP|846|68|1|BADW|||2|1.0
857|тот|того|того|ADJF|847|68|2|BADW|||9|1.0
858|,|,|,|PNCT|848|68|3|PNCT|||134|1.0
859|уже|уже|уже|PRCL|849|68|4|BADW|||2|1.0
860|на|на|на|PRCL|850|68|5|BADW|||14|1.0
861|данный|данном|данном|ADJF|851|68|6||||3|1.0
862|этап|этапе|этапе|NOUN|852|68|7||||1|1.0
863|стал|стала|стала|VERB|853|68|8||||2|1.0
864|очевидный|очевидной|очевидной|ADJF|854|68|9||||1|1.0
865|необходимость|необходимость|необходимость|NOUN|855|68|10||||1|1.0
866|сбор|сбора|сбора|NOUN|856|68|11||||1|1.0
867|и|и|и|PRCL|857|68|12|BADW|||43|1.0
868|хранение|хранения|хранения|NOUN|858|68|13||||1|1.0
869|разнообразный|разнообразной|разнообразной|ADJF|859|68|14||||1|1.0
870|статистический|статистической|статистической|ADJF|860|68|15||||1|1.0
871|информация|информации|информации|NOUN|861|68|16||||1|1.0
872|о|об|об|PREP|862|68|17|BADW|||2|1.0
873|обрабатываемый|обрабатываемых|обрабатываемых|PRTF|863|68|18||||1|1.0
874|объект|объектах|объектах|NOUN|864|68|19||||1|1.0
875|.|.|.|PNCT|865|68|20|PNCT|||110|1.0
876|с|с|С|NOUN|866|69|1|BADW|||25|2.0
877|учет|учетом|учетом|NOUN|867|69|2||||1|1.0
878|этот|этих|этих|ADJF|868|69|3|BADW|||11|1.0
879|фактор|факторов|факторов|NOUN|869|69|4||||1|1.0
880|,|,|,|PNCT|870|69|5|PNCT|||134|2.0
881|в|в|в|NOUN|871|69|6|BADW|||50|1.0
882|качество|качестве|качестве|NOUN|872|69|7||||13|1.0
883|базовый|базового|базового|ADJF|873|69|8||||2|1.0
884|пакет|пакета|пакета|NOUN|874|69|9||||1|1.0
885|работа|работы|работы|NOUN|875|69|10||||6|1.0
886|с|с|с|NOUN|876|69|11|BADW|||25|2.0
887|данные|данными|данными|NOUN|877|69|12||||11|1.0
888|есть|был|был|VERB|878|69|13|BADW|||8|1.0
889|выбран|выбран|выбран|PRTS|879|69|14||||1|1.0
890|pandas|pandas|Pandas|LATN|880|69|15|LATN|||3|1.0
891|,|,|,|PNCT|881|69|16|PNCT|||134|2.0
892|который|который|который|ADJF|882|69|17|BADW|||9|1.0
893|помимо|помимо|помимо|PREP|883|69|18|BADW|||3|1.0
894|описанный|описанных|описанных|PRTF|884|69|19||||1|1.0
895|выше|выше|выше|ADVB|885|69|20|BADW|||1|1.0
896|задача|задач|задач|NOUN|886|69|21||||4|1.0
897|позволил|позволил|позволил|VERB|887|69|22||||1|1.0
898|проводить|проводить|проводить|INFN|888|69|23||||1|1.0
899|пакетный|пакетную|пакетную|ADJF|889|69|24||||1|1.0
900|лемматизация|лемматизацию|лемматизацию|NOUN|890|69|25||||2|1.0
901|.|.|.|PNCT|891|69|26|PNCT|||110|1.0
902|после|после|После|ADVB|892|70|1|BADW|||3|1.0
903|анализ|анализа|анализа|NOUN|893|70|2||||8|1.0
904|доступный|доступных|доступных|ADJF|894|70|3||||1|1.0
905|для|для|для|PREP|895|70|4|BADW|||12|1.0
906|работа|работы|работы|NOUN|896|70|5||||6|1.0
907|словарь|словарей|словарей|NOUN|897|70|6||||9|1.0
908|русский|русского|русского|ADJF|898|70|7||||3|1.0
909|язык|языка|языка|NOUN|899|70|8||||2|1.0
910|за|за|за|PREP|900|70|9|BADW|||1|1.0
911|основа|основу|основу|NOUN|901|70|10||||2|1.0
912|есть|был|был|VERB|902|70|11|BADW|||8|1.0
913|взят|взят|взят|PRTS|903|70|12||||1|1.0
914|opencorpora|opencorpora|OpenCorpora|LATN|904|70|13|LATN|||1|1.0
915|,|,|,|PNCT|905|70|14|PNCT|||134|1.0
916|к|к|к|NOUN|906|70|15|BADW|||17|1.0
917|слово|слову|слову|NOUN|907|70|16||||34|1.0
918|использующийся|использующийся|использующийся|PRTF|908|70|17||||1|1.0
919|и|и|и|PRCL|909|70|18|BADW|||43|1.0
920|в|в|в|NOUN|910|70|19|BADW|||50|1.0
921|pymorphy2|pymorphy2|pymorphy2|LATN|911|70|20|LATN|||4|1.0
922|.|.|.|PNCT|912|70|21|PNCT|||110|1.0
923|он|он|Он|NPRO|913|71|1|BADW|||2|1.0
924|подвергнулся|подвергся|подвергся|VERB|914|71|2||||1|1.0
925|трансформация|трансформации|трансформации|NOUN|915|71|3||||2|1.0
926|в|в|в|NOUN|916|71|4|BADW|||50|1.0
927|форма|форму|форму|NOUN|917|71|5||||2|1.0
928|удобный|удобную|удобную|ADJF|918|71|6||||1|1.0
929|для|для|для|PREP|919|71|7|BADW|||12|1.0
930|работа|работы|работы|NOUN|920|71|8||||6|1.0
931|с|с|с|NOUN|921|71|9|BADW|||25|1.0
932|pandas|pandas|Pandas|LATN|922|71|10|LATN|||3|1.0
933|,|,|,|PNCT|923|71|11|PNCT|||134|1.0
934|после|после|после|ADVB|924|71|12|BADW|||3|1.0
935|чего|чего|чего|ADVB|925|71|13|BADW|||2|1.0
936|.|.|.|PNCT|926|71|14|PNCT|||110|1.0
937|из|из|из|PREP|927|72|1|BADW|||13|1.0
938|он|него|него|NPRO|928|72|2|BADW|||2|1.0
939|выделен|выделены|выделены|PRTS|929|72|3||||1|1.0
940|следующий|следующие|следующие|ADJF|930|72|4||||3|1.0
941|словарь|словари|словари|NOUN|931|72|5||||9|1.0
942|.|.|.|PNCT|932|72|6|PNCT|||110|1.0
943|большой|большой|большой|ADJF|933|73|1||||2|1.0
944|,|,|,|PNCT|934|73|2|PNCT|||134|1.0
945|весь|вся|вся|ADJF|935|73|3||||3|1.0
946|база|база|база|NOUN|936|73|4||||1|1.0
947|слово|слов|слов|NOUN|937|73|5||||34|1.0
948|.|.|.|PNCT|938|73|6|PNCT|||110|1.0
949|плохой|плохие|плохие|ADJF|939|74|1||||2|1.0
950|слово|слова|слова|NOUN|940|74|2||||34|2.0
951|,|,|,|PNCT|941|74|3|PNCT|||134|2.0
952|слово|слова|слова|NOUN|942|74|4||||34|2.0
953|,|,|,|PNCT|943|74|5|PNCT|||134|2.0
954|исключаемый|исключаемые|исключаемые|PRTF|944|74|6||||1|1.0
955|из|из|из|PREP|945|74|7|BADW|||13|1.0
956|анализ|анализа|анализа|NOUN|946|74|8||||8|1.0
957|текст|текста|текста|NOUN|947|74|9||||28|1.0
958|в|в|в|NOUN|948|74|10|BADW|||50|1.0
959|связь|связи|связи|NOUN|949|74|11||||1|1.0
960|с|с|с|NOUN|950|74|12|BADW|||25|1.0
961|отсутствие|отсутствием|отсутствием|NOUN|951|74|13||||2|1.0
962|значимость|значимости|значимости|NOUN|952|74|14||||1|1.0
963|.|.|.|PNCT|953|74|15|PNCT|||110|1.0
964|специальный|специальный|специальный|ADJF|954|75|1||||1|1.0
965|,|,|,|PNCT|955|75|2|PNCT|||134|1.0
966|словарь|словарь|словарь|NOUN|956|75|3||||9|1.0
967|специализированный|специализированных|специализированных|ADJF|957|75|4||||3|1.0
968|отраслевых|отраслевых|отраслевых|ABVR|958|75|5|ABVR|||1|1.0
969|слово|слов|слов|NOUN|959|75|6||||34|1.0
970|.|.|.|PNCT|960|75|7|PNCT|||110|1.0
971|в|в|В|NOUN|961|76|1|BADW|||50|1.0
972|словарь|словарь|словарь|NOUN|962|76|2||||9|1.0
973|не|не|не|PRCL|963|76|3||||26|1.0
974|включён|включены|включены|PRTS|964|76|4||||1|1.0
975|имя|имена|имена|NOUN|965|76|5||||2|2.0
976|собственный|собственные|собственные|ADJF|966|76|6||||1|1.0
977|,|,|,|PNCT|967|76|7|PNCT|||134|8.0
978|название|названия|названия|NOUN|968|76|8||||2|1.0
979|,|,|,|PNCT|969|76|9|PNCT|||134|8.0
980|имя|имена|имена|NOUN|970|76|10||||2|2.0
981|,|,|,|PNCT|971|76|11|PNCT|||134|8.0
982|фамилия|фамилии|фамилии|NOUN|972|76|12||||1|1.0
983|,|,|,|PNCT|973|76|13|PNCT|||134|8.0
984|адрес|адреса|адреса|NOUN|974|76|14||||1|1.0
985|,|,|,|PNCT|975|76|15|PNCT|||134|8.0
986|продукция|продукция|продукция|NOUN|976|76|16||||2|1.0
987|,|,|,|PNCT|977|76|17|PNCT|||134|8.0
988|изделие|изделия|изделия|NOUN|978|76|18||||1|1.0
989|,|,|,|PNCT|979|76|19|PNCT|||134|8.0
990|компания|компании|компании|NOUN|980|76|20||||1|1.0
991|,|,|,|PNCT|981|76|21|PNCT|||134|8.0
992|персона|персоны|персоны|NOUN|982|76|22||||1|1.0
993|и|и|и|PRCL|983|76|23|BADW|||43|1.0
994|т.д|т.д|т.д|REDU|984|76|24|BADW|||3|1.0
995|.|.|.|PNCT|985|76|25|PNCT|||110|1.0
996|этот|это|Это|ADJF|986|77|1|BADW|||11|1.0
997|принципиальный|принципиальное|принципиальное|ADJF|987|77|2||||1|1.0
998|и|и|и|PRCL|988|77|3|BADW|||43|2.0
999|осознанный|осознанное|осознанное|ADJF|989|77|4||||1|1.0
1000|решение|решение|решение|NOUN|990|77|5||||1|1.0
1001|,|,|,|PNCT|991|77|6|PNCT|||134|3.0
1002|поскольку|поскольку|поскольку|CONJ|992|77|7|BADW|||2|1.0
1003|в|в|в|NOUN|993|77|8|BADW|||50|1.0
1004|любой|любой|любой|NPRO|994|77|9|BADW|||3|1.0
1005|живой|живой|живой|NOUN|995|77|10||||1|1.0
1006|отрасли/направлении|отрасли/направлении|отрасли/направлении|NAME|996|77|11|NAME|||1|1.0
1007|,|,|,|PNCT|997|77|12|PNCT|||134|3.0
1008|такой|такой|такой|ADJF|998|77|13|BADW|||3|1.0
1009|подход|подход|подход|NOUN|999|77|14||||1|1.0
1010|потребовал|потребовал|потребовал|VERB|1000|77|15||||1|1.0
1011|бы|бы|бы|PRCL|1001|77|16|BADW|||2|1.0
1012|постоянный|постоянного|постоянного|ADJF|1002|77|17||||1|1.0
1013|контроль|контроля|контроля|NOUN|1003|77|18||||2|1.0
1014|и|и|и|PRCL|1004|77|19|BADW|||43|2.0
1015|ручной|ручного|ручного|ADJF|1005|77|20||||6|1.0
1016|дополнение|дополнения|дополнения|NOUN|1006|77|21||||1|1.0
1017|словарь|словарей|словарей|NOUN|1007|77|22||||9|1.0
1018|,|,|,|PNCT|1008|77|23|PNCT|||134|3.0
1019|что|что|что|PRCL|1009|77|24|BADW|||9|1.0
1020|гублю|губит|губит|VERB|1010|77|25||||1|1.0
1021|идея|идею|идею|NOUN|1011|77|26||||3|1.0
1022|облегчение|облегчения|облегчения|NOUN|1012|77|27||||1|1.0
1023|труд|труда|труда|NOUN|1013|77|28||||1|1.0
1024|через|через|через|PREP|1014|77|29|BADW|||2|1.0
1025|автоматизация|автоматизацию|автоматизацию|NOUN|1015|77|30||||2|1.0
1026|.|.|.|PNCT|1016|77|31|PNCT|||110|1.0
1027|словарь|словари|словари|NOUN|1017|78|1||||9|1.0
1028|сохранён|сохранены|сохранены|PRTS|1018|78|2||||1|1.0
1029|юникоде|юникоде|юникоде|UNKN|1019|78|3|UNKN|||2|1.0
1030|.|.|.|PNCT|1020|78|4|PNCT|||110|1.0
1031|словарь|словари|словари|NOUN|1021|79|1||||9|1.0
1032|хранюсь|хранятся|хранятся|VERB|1022|79|2||||1|1.0
1033|в|в|в|NOUN|1023|79|3|BADW|||50|1.0
1034|простой|простом|простом|ADJF|1024|79|4||||1|1.0
1035|текстовой|текстовом|текстовом|ADJF|1025|79|5||||1|1.0
1036|формат|формате|формате|NOUN|1026|79|6||||3|1.0
1037|для|для|для|PREP|1027|79|7|BADW|||12|1.0
1038|управление|управления|управления|NOUN|1028|79|8||||1|1.0
1039|из|из|из|PREP|1029|79|9|BADW|||13|1.0
1040|любой|любой|любой|NPRO|1030|79|10|BADW|||3|1.0
1041|внешний|внешней|внешней|ADJF|1031|79|11||||1|1.0
1042|программа|программы|программы|NOUN|1032|79|12||||2|1.0
1043|.|.|.|PNCT|1033|79|13|PNCT|||110|1.0
1044|поскольку|поскольку|Поскольку|CONJ|1034|80|1|BADW|||2|1.0
1045|основа|основа|основа|NOUN|1035|80|2||||2|1.0
1046|для|для|для|PREP|1036|80|3|BADW|||12|1.0
1047|словарь|словарей|словарей|NOUN|1037|80|4||||9|1.0
1048|в|в|в|NOUN|1038|80|5|BADW|||50|1.0
1049|nrlpk|nrlpk|nrlpk|LATN|1039|80|6|LATN|||13|1.0
1050|и|и|и|PRCL|1040|80|7|BADW|||43|2.0
1051|pymorphy2|pymorphy2|pymorphy2|LATN|1041|80|8|LATN|||4|1.0
1052|идентичен|идентична|идентична|ADJS|1042|80|9||||2|1.0
1053|,|,|,|PNCT|1043|80|10|PNCT|||134|1.0
1054|тот|то|то|ADJF|1044|80|11|BADW|||9|1.0
1055|и|и|и|PRCL|1045|80|12|BADW|||43|2.0
1056|обозначение|обозначение|обозначение|NOUN|1046|80|13||||3|1.0
1057|часть|частей|частей|NOUN|1047|80|14||||3|1.0
1058|речь|речи|речи|NOUN|1048|80|15||||2|1.0
1059|граммем|граммем|граммем|ABVR|1049|80|16|ABVR|||1|1.0
1060|являюсь|является|является|VERB|1050|80|17||||1|1.0
1061|идентичный|идентичным|идентичным|ADJF|1051|80|18||||1|1.0
1062|.|.|.|PNCT|1052|80|19|PNCT|||110|1.0
1063|число|число|Число|NOUN|1053|81|1||||11|1.0
1064|маркер|маркеров|маркеров|NOUN|1054|81|2||||8|2.0
1065|нг|нестандартных граммем|нестандартных граммем|ABVR|1055|81|3|ABVR|12||2|1.0
1066|нестандартный|нестандартных|нестандартных|ADJF|1055|81|3|||12|2|1.0
1067|граммема|граммем|граммем|NOUN|1056|81|4|||12|6|2.0
1068|на|на|на|PRCL|1057|81|5|BADW|||14|1.0
1069|данный|данный|данный|ADJF|1058|81|6||||3|1.0
1070|момент|момент|момент|NOUN|1059|81|7||||1|1.0
1071|составляю|составляет|составляет|VERB|1060|81|8||||1|1.0
1072|16и|16 и|16 и|NUSR|1061|81|9|NUSR|13||1|1.0
1073|16|16|16|NUMB|1061|81|9|NUMB||13|1|1.0
1074|и|и|и|PRCL|1062|81|10|BADW||13|43|2.0
1075|большинство|большинство|большинство|NOUN|1063|81|11||||1|1.0
1076|из|из|из|PREP|1064|81|12|BADW|||13|2.0
1077|они|них|них|NPRO|1065|81|13|BADW|||1|1.0
1078|,|,|,|PNCT|1066|81|14|PNCT|||134|2.0
1079|если|если|если|CONJ|1067|81|15|BADW|||4|1.0
1080|не|не|не|PRCL|1068|81|16||||26|1.0
1081|состою|состоят|состоят|VERB|1069|81|17||||1|1.0
1082|из|из|из|PREP|1070|81|18|BADW|||13|2.0
1083|несколько|нескольких|нескольких|NUMR|1071|81|19||||3|1.0
1084|слово|слов|слов|NOUN|1072|81|20||||34|1.0
1085|,|,|,|PNCT|1073|81|21|PNCT|||134|2.0
1086|помимо|помимо|помимо|PREP|1074|81|22|BADW|||3|1.0
1087|маркер|маркера|маркера|NOUN|1075|81|23||||8|2.0
1088|имею|имеют|имеют|VERB|1076|81|24||||3|1.0
1089|ещё|ещё|ещё|ADVB|1077|81|25|BADW|||2|1.0
1090|и|и|и|PRCL|1078|81|26|BADW|||43|2.0
1091|обозначение|обозначение|обозначение|NOUN|1079|81|27||||3|1.0
1092|часть|части|части|NOUN|1080|81|28||||3|1.0
1093|речь|речи|речи|NOUN|1081|81|29||||2|1.0
1094|базовый|базовой|базовой|ADJF|1082|81|30||||2|1.0
1095|граммема|граммемы|граммемы|NOUN|1083|81|31||||6|2.0
1096|.|.|.|PNCT|1084|81|32|PNCT|||110|1.0
1097|обозначение|обозначение|Обозначение|NOUN|1085|82|1||||3|1.0
1098|совпадающий|совпадающих|совпадающих|PRTF|1086|82|2||||1|1.0
1099|маркер|маркеров|маркеров|NOUN|1087|82|3||||8|1.0
1100|нг|нестандартных граммем|нестандартных граммем|ABVR|1088|82|4|ABVR|14||2|1.0
1101|нестандартный|нестандартных|нестандартных|ADJF|1088|82|4|||14|2|1.0
1102|граммема|граммем|граммем|NOUN|1089|82|5|||14|6|1.0
1103|с|с|с|NOUN|1090|82|6|BADW|||25|1.0
1104|pymorphy2|pymorphy2|pymorphy2|LATN|1091|82|7|LATN|||4|1.0
1105|идентичен|идентично|идентично|ADJS|1092|82|8||||2|1.0
1106|,|,|,|PNCT|1093|82|9|PNCT|||134|1.0
1107|в|в|в|NOUN|1094|82|10|BADW|||50|1.0
1108|частность|частности|частности|NOUN|1095|82|11||||1|1.0
1109|.|.|.|PNCT|1096|82|12|PNCT|||110|1.0
1110|numb|numb|NUMB|LATN|1097|83|1|LATN|||2|1.0
1111|,|,|,|PNCT|1098|83|2|PNCT|||134|1.0
1112|число|число|число|NOUN|1099|83|3||||11|1.0
1113|.|.|.|PNCT|1100|83|4|PNCT|||110|1.0
1114|romn|romn|ROMN|LATN|1101|84|1|LATN|||2|1.0
1115|,|,|,|PNCT|1102|84|2|PNCT|||134|1.0
1116|римский|римское|римское|ADJF|1103|84|3||||1|1.0
1117|число|число|число|NOUN|1104|84|4||||11|1.0
1118|.|.|.|PNCT|1105|84|5|PNCT|||110|1.0
1119|unkn|unkn|UNKN|LATN|1106|85|1|LATN|||1|1.0
1120|,|,|,|PNCT|1107|85|2|PNCT|||134|1.0
1121|токен|токен|токен|UNKN|1108|85|3|UNKN|||1|1.0
1122|не|не|не|PRCL|1109|85|4||||26|1.0
1123|удался|удалось|удалось|VERB|1110|85|5||||1|1.0
1124|разобрать|разобрать|разобрать|INFN|1111|85|6||||1|1.0
1125|.|.|.|PNCT|1112|85|7|PNCT|||110|1.0
1126|к|к|К|NOUN|1113|86|1|BADW|||17|1.0
1127|слово|слову|слову|NOUN|1114|86|2||||34|1.0
1128|,|,|,|PNCT|1115|86|3|PNCT|||134|4.0
1129|для|для|для|PREP|1116|86|4|BADW|||12|1.0
1130|выражение|выражений|выражений|NOUN|1117|86|5||||12|1.0
1131|,|,|,|PNCT|1118|86|6|PNCT|||134|4.0
1132|содержащий|содержащих|содержащих|PRTF|1119|86|7||||1|1.0
1133|числовой|числовые|числовые|ADJF|1120|86|8||||4|1.0
1134|данные|данные|данные|NOUN|1121|86|9||||11|1.0
1135|,|,|,|PNCT|1122|86|10|PNCT|||134|4.0
1136|в|в|в|NOUN|1123|86|11|BADW|||50|1.0
1137|nrlpk|nrlpk|nrlpk|LATN|1124|86|12|LATN|||13|1.0
1138|,|,|,|PNCT|1125|86|13|PNCT|||134|4.0
1139|помимо|помимо|помимо|PREP|1126|86|14|BADW|||3|1.0
1140|numb|numb|NUMB|LATN|1127|86|15|LATN|||2|1.0
1141|и|и|и|PRCL|1128|86|16|BADW|||43|1.0
1142|romn|romn|ROMN|LATN|1129|86|17|LATN|||2|1.0
1143|дополнительно|дополнительно|дополнительно|ADVB|1130|86|18|BADW|||1|1.0
1144|используюсь|используются|используются|VERB|1131|86|19||||1|1.0
1145|следующий|следующие|следующие|ADJF|1132|86|20||||3|1.0
1146|маркер|маркеры|маркеры|NOUN|1133|86|21||||8|1.0
1147|.|.|.|PNCT|1134|86|22|PNCT|||110|1.0
1148|nusr|nusr|NUSR|LATN|1135|87|1|LATN|||5|1.0
1149|,|,|,|PNCT|1136|87|2|PNCT|||134|1.0
1150|выражение|выражение|выражение|NOUN|1137|87|3||||12|1.0
1151|содержу|содержит|содержит|VERB|1138|87|4||||3|1.0
1152|один|одно|одно|ADJF|1139|87|5||||3|1.0
1153|или|или|или|CONJ|1140|87|6|BADW|||9|1.0
1154|несколько|несколько|несколько|NUMR|1141|87|7||||3|1.0
1155|числовой|числовых|числовых|ADJF|1142|87|8||||4|1.0
1156|данные|данных|данных|NOUN|1143|87|9||||11|1.0
1157|.|.|.|PNCT|1144|87|10|PNCT|||110|1.0
1158|math|math|MATH|LATN|1145|88|1|LATN|||1|1.0
1159|,|,|,|PNCT|1146|88|2|PNCT|||134|1.0
1160|выражение|выражение|выражение|NOUN|1147|88|3||||12|1.0
1161|содержу|содержит|содержит|VERB|1148|88|4||||3|1.0
1162|математический|математическую|математическую|ADJF|1149|88|5||||1|1.0
1163|формула|формулу|формулу|NOUN|1150|88|6||||1|1.0
1164|.|.|.|PNCT|1151|88|7|PNCT|||110|1.0
1165|что|что|Что|PRCL|1152|89|1|BADW|||9|1.0
1166|такой|такое|такое|ADJF|1153|89|2|BADW|||3|1.0
1167|ключевой|ключевое|ключевое|ADJF|1154|89|3||||11|1.0
1168|слово|слово|слово|NOUN|1155|89|4||||34|2.0
1169|,|,|,|PNCT|1156|89|5|PNCT|||134|1.0
1170|состоящий|состоящее|состоящее|PRTF|1157|89|6||||1|1.0
1171|из|из|из|PREP|1158|89|7|BADW|||13|1.0
1172|несколько|нескольких|нескольких|NUMR|1159|89|8||||3|1.0
1173|слово|слов|слов|NOUN|1160|89|9||||34|2.0
1174|.|.|.|PNCT|1161|89|10|PNCT|||110|1.0
1175|на|на|На|PRCL|1162|90|1|BADW|||14|1.0
1176|пример|примере|примере|NOUN|1163|90|2||||2|1.0
1177|nusr|nusr|NUSR|LATN|1164|90|3|LATN|||5|1.0
1178|.|.|.|PNCT|1165|90|4|PNCT|||110|1.0
1179|если|если|если|CONJ|1166|91|1|BADW|||4|1.0
1180|в|в|в|NOUN|1167|91|2|BADW|||50|1.0
1181|текст|тексте|тексте|NOUN|1168|91|3||||28|1.0
1182|стоило|стоит|стоит|VERB|1169|91|4||||2|1.0
1183|25.02.2020|25 февраля 2020 года|25 февраля 2020 года|NUSR|1170|91|5|NUSR|15||3|3.0
1184|25|25|25|NUMB|1170|91|5|NUMB||15|6|2.0
1185|февраль|февраля|февраля|NOUN|1171|91|6|||15|4|2.0
1186|2020|2020|2020|NUMB|1172|91|7|NUMB||15|4|2.0
1187|год|года|года|NOUN|1173|91|8|||15|4|2.0
1188|,|,|,|PNCT|1174|91|9|PNCT|||134|3.0
1189|тот|то|то|ADJF|1175|91|10|BADW|||9|1.0
1190|и|и|и|PRCL|1176|91|11|BADW|||43|2.0
1191|ключевой|ключевое|ключевое|ADJF|1177|91|12||||11|1.0
1192|слово|слово|слово|NOUN|1178|91|13||||34|1.0
1193|есть|будет|будет|VERB|1179|91|14|BADW|||8|1.0
1194|25.02.2020|25 февраля 2020 года|25 февраля 2020 года|NUSR|1180|91|15|NUSR|16||3|3.0
1195|25|25|25|NUMB|1180|91|15|NUMB||16|6|2.0
1196|февраль|февраля|февраля|NOUN|1181|91|16|||16|4|2.0
1197|2020|2020|2020|NUMB|1182|91|17|NUMB||16|4|2.0
1198|год|года|года|NOUN|1183|91|18|||16|4|2.0
1199|,|,|,|PNCT|1184|91|19|PNCT|||134|3.0
1200|с|с|с|NOUN|1185|91|20|BADW|||25|1.0
1201|лемма|леммой|леммой|NOUN|1186|91|21||||3|1.0
1202|25.02.2020|25.02.2020|25.02.2020|NUSR|1187|91|22|NUSR|||3|3.0
1203|,|,|,|PNCT|1188|91|23|PNCT|||134|3.0
1204|граммема|граммемой|граммемой|NOUN|1189|91|24||||6|1.0
1205|nusr|nusr|NUSR|LATN|1190|91|25|LATN|||5|2.0
1206|и|и|и|PRCL|1191|91|26|BADW|||43|2.0
1207|маркер|маркером|маркером|NOUN|1192|91|27||||8|1.0
1208|nusr|nusr|NUSR|LATN|1193|91|28|LATN|||5|2.0
1209|.|.|.|PNCT|1194|91|29|PNCT|||110|1.0
1210|однако|однако|однако|CONJ|1195|92|1|BADW|||1|1.0
1211|,|,|,|PNCT|1196|92|2|PNCT|||134|4.0
1212|если|если|если|CONJ|1197|92|3|BADW|||4|1.0
1213|в|в|в|NOUN|1198|92|4|BADW|||50|1.0
1214|текст|тексте|тексте|NOUN|1199|92|5||||28|1.0
1215|стоило|стоит|стоит|VERB|1200|92|6||||2|1.0
1217|25|25|25|NUMB|1201|92|7|NUMB||17|6|2.0
1216|2ф2г|25 февраля 2020 года|25 февраля 2020 года|WIQM|1201|92|7|WIQM|17||3|3.0
1218|февраль|февраля|февраля|NOUN|1202|92|8|||17|4|2.0
1219|2020|2020|2020|NUMB|1203|92|9|NUMB||17|4|2.0
1220|год|года|года|NOUN|1204|92|10|||17|4|2.0
1221|,|,|,|PNCT|1205|92|11|PNCT|||134|4.0
1222|тот|то|то|ADJF|1206|92|12|BADW|||9|1.0
1223|ключевой|ключевое|ключевое|ADJF|1207|92|13||||11|1.0
1224|слово|слово|слово|NOUN|1208|92|14||||34|1.0
1225|есть|будет|будет|VERB|1209|92|15|BADW|||8|1.0
1227|25|25|25|NUMB|1210|92|16|NUMB||18|6|2.0
1226|2ф2г|25 февраля 2020 года|25 февраля 2020 года|WIQM|1210|92|16|WIQM|18||3|3.0
1228|февраль|февраля|февраля|NOUN|1211|92|17|||18|4|2.0
1229|2020|2020|2020|NUMB|1212|92|18|NUMB||18|4|2.0
1230|год|года|года|NOUN|1213|92|19|||18|4|2.0
1231|,|,|,|PNCT|1214|92|20|PNCT|||134|4.0
1232|с|с|с|NOUN|1215|92|21|BADW|||25|1.0
1233|лемма|леммой|леммой|NOUN|1216|92|22||||3|1.0
1234|2ф2г|2ф2г|2ф2г|NUSR|1217|92|23|NUSR|||3|3.0
1235|,|,|,|PNCT|1218|92|24|PNCT|||134|4.0
1236|граммема|граммемой|граммемой|NOUN|1219|92|25||||6|1.0
1237|wiqm|wiqm|WIQM|LATN|1220|92|26|LATN|||2|2.0
1238|и|и|и|PRCL|1221|92|27|BADW|||43|1.0
1239|маркер|маркером|маркером|NOUN|1222|92|28||||8|1.0
1240|wiqm|wiqm|WIQM|LATN|1223|92|29|LATN|||2|2.0
1241|.|.|.|PNCT|1224|92|30|PNCT|||110|1.0
1242|если|если|если|CONJ|1225|93|1|BADW|||4|1.0
1243|в|в|в|NOUN|1226|93|2|BADW|||50|4.0
1244|текст|тексте|тексте|NOUN|1227|93|3||||28|1.0
1245|есть|будет|будет|VERB|1228|93|4|BADW|||8|2.0
1247|25|25|25|NUMB|1229|93|5|NUMB||19|6|2.0
1246|25т|25 тонн|25 тонн|NUSR|1229|93|5|NUSR|19||1|1.0
1248|тонна|тонн|тонн|NOUN|1230|93|6|||19|2|2.0
1249|,|,|,|PNCT|1231|93|7|PNCT|||134|3.0
1250|тот|то|то|ADJF|1232|93|8|BADW|||9|1.0
1251|и|и|и|PRCL|1233|93|9|BADW|||43|2.0
1252|в|в|в|NOUN|1234|93|10|BADW|||50|4.0
1253|ключ|ключе|ключе|NOUN|1235|93|11||||10|1.0
1254|мы|мы|мы|NPRO|1236|93|12|BADW|||1|1.0
1255|увидел|увидим|увидим|VERB|1237|93|13||||1|1.0
1257|25|25|25|NUMB|1238|93|14|NUMB||20|6|2.0
1256|2т|25 тонн|25 тонн|WIQM|1238|93|14|WIQM|20||2|2.0
1258|тонна|тонн|тонн|NOUN|1239|93|15|||20|2|2.0
1259|,|,|,|PNCT|1240|93|16|PNCT|||134|3.0
1260|с|с|с|NOUN|1241|93|17|BADW|||25|1.0
1261|лемма|леммой|леммой|NOUN|1242|93|18||||3|1.0
1262|2т|2т|2т|NUSR|1243|93|19|NUSR|||2|2.0
1263|,|,|,|PNCT|1244|93|20|PNCT|||134|3.0
1264|где|где|где|CONJ|1245|93|21|BADW|||1|1.0
1265|в|в|в|NOUN|1246|93|22|BADW|||50|4.0
1266|качество|качестве|качестве|NOUN|1247|93|23||||13|2.0
1267|в|в|в|NOUN|1248|93|24|BADW|||50|4.0
1268|качество|качестве|качестве|NOUN|1249|93|25||||13|2.0
1269|граммема|граммемы|граммемы|NOUN|1250|93|26||||6|1.0
1270|и|и|и|PRCL|1251|93|27|BADW|||43|2.0
1271|маркер|маркера|маркера|NOUN|1252|93|28||||8|1.0
1272|также|также|также|PRCL|1253|93|29|BADW|||1|1.0
1273|есть|будет|будет|VERB|1254|93|30|BADW|||8|2.0
1274|nusr|nusr|NUSR|LATN|1255|93|31|LATN|||5|1.0
1275|.|.|.|PNCT|1256|93|32|PNCT|||110|1.0
1276|зачем|зачем|Зачем|ADVB|1257|94|1|BADW|||1|1.0
1277|понадобился|понадобилась|понадобилась|VERB|1258|94|2||||1|1.0
1278|статистика|статистика|статистика|NOUN|1259|94|3||||4|1.0
1279|describe|describe|describe|LATN|1260|94|4|LATN|||1|1.0
1280|к|к|к|NOUN|1261|94|5|BADW|||17|1.0
1281|слово|словам|словам|NOUN|1262|94|6||||34|1.0
1282|и|и|и|PRCL|1263|94|7|BADW|||43|1.0
1283|ключ|ключам|ключам|NOUN|1264|94|8||||10|1.0
1284|.|.|.|PNCT|1265|94|9|PNCT|||110|1.0
1285|сначала|сначала|Сначала|ADVB|1266|95|1|BADW|||1|1.0
1286|этот|это|это|ADJF|1267|95|2|BADW|||11|1.0
1287|было|было|было|PRCL|1268|95|3|BADW|||2|1.0
1288|нужен|нужно|нужно|ADJS|1269|95|4||||2|1.0
1289|для|для|для|PREP|1270|95|5|BADW|||12|1.0
1290|проверка|проверки|проверки|NOUN|1271|95|6||||1|1.0
1291|работа|работы|работы|NOUN|1272|95|7||||6|1.0
1292|алгоритм|алгоритмов|алгоритмов|NOUN|1273|95|8||||1|1.0
1293|nrlpk|nrlpk|nrlpk|LATN|1274|95|9|LATN|||13|1.0
1294|,|,|,|PNCT|1275|95|10|PNCT|||134|4.0
1295|не|не|не|PRCL|1276|95|11||||26|2.0
1296|потерялся|потерялись|потерялись|VERB|1277|95|12||||1|1.0
1297|ли|ли|ли|PRCL|1278|95|13|BADW|||2|2.0
1298|,|,|,|PNCT|1279|95|14|PNCT|||134|4.0
1299|слово|слова|слова|NOUN|1280|95|15||||34|1.0
1300|,|,|,|PNCT|1281|95|16|PNCT|||134|4.0
1301|не|не|не|PRCL|1282|95|17||||26|2.0
1302|прошёл|прошло|прошло|VERB|1283|95|18||||1|1.0
1303|ли|ли|ли|PRCL|1284|95|19|BADW|||2|2.0
1304|лишний|лишнего|лишнего|ADJF|1285|95|20||||1|1.0
1305|объединение|объединения|объединения|NOUN|1286|95|21||||1|1.0
1306|,|,|,|PNCT|1287|95|22|PNCT|||134|4.0
1307|каков|какова|какова|ADJS|1288|95|23||||1|1.0
1308|доля|доля|доля|NOUN|1289|95|24||||2|1.0
1309|ключ|ключей|ключей|NOUN|1290|95|25||||10|1.0
1310|в|в|в|NOUN|1291|95|26|BADW|||50|1.0
1311|текст|тексте|тексте|NOUN|1292|95|27||||28|1.0
1312|и|и|и|PRCL|1293|95|28|BADW|||43|1.0
1313|т.д|т.д|т.д|REDU|1294|95|29|BADW|||3|1.0
1314|.|.|.|PNCT|1295|95|30|PNCT|||110|1.0
1315|но|но|Но|INTJ|1296|96|1|BADW|||4|1.0
1316|по|по|по|PREP|1297|96|2|BADW|||16|2.0
1317|меря|мере|мере|NOUN|1298|96|3||||1|1.0
1318|отладка|отладки|отладки|NOUN|1299|96|4||||1|1.0
1319|по|по|ПО|PREP|1300|96|5|BADW|||16|2.0
1320|стал|стали|стали|VERB|1301|96|6||||2|1.0
1321|проявляться|проявляться|проявляться|INFN|1302|96|7||||1|1.0
1322|некоторые|некоторые|некоторые|NPRO|1303|96|8|BADW|||1|1.0
1323|закономерность|закономерности|закономерности|NOUN|1304|96|9|WIQM|||1|1.0
1324|,|,|,|PNCT|1305|96|10|PNCT|||134|3.0
1325|выявление|выявление|выявление|NOUN|1306|96|11||||7|1.0
1326|который|которых|которых|ADJF|1307|96|12|BADW|||9|1.0
1327|,|,|,|PNCT|1308|96|13|PNCT|||134|3.0
1328|как|как|как|ADVB|1309|96|14|BADW|||4|1.0
1329|задача|задача|задача|NOUN|1310|96|15||||4|1.0
1330|,|,|,|PNCT|1311|96|16|PNCT|||134|3.0
1331|перед|перед|перед|PREP|1312|96|17|BADW|||1|1.0
1332|nrlpk|nrlpk|nrlpk|LATN|1313|96|18|LATN|||13|1.0
1333|не|не|не|PRCL|1314|96|19||||26|1.0
1334|ставлюсь|ставилась|ставилась|VERB|1315|96|20||||1|1.0
1335|.|.|.|PNCT|1316|96|21|PNCT|||110|1.0
1336|выявление|выявление|выявление|NOUN|1317|97|1||||7|1.0
1337|слово|слов|слов|NOUN|1318|97|2||||34|1.0
1338|,|,|,|PNCT|1319|97|3|PNCT|||134|1.0
1339|написанный|написанных|написанных|PRTF|1320|97|4||||1|1.0
1340|с|с|с|NOUN|1321|97|5|BADW|||25|1.0
1341|орфографический|орфографическими|орфографическими|ADJF|1322|97|6||||1|1.0
1342|ошибка|ошибками|ошибками|NOUN|1323|97|7||||1|1.0
1343|.|.|.|PNCT|1324|97|8|PNCT|||110|1.0
1344|выявление|выявление|выявление|NOUN|1325|98|1||||7|1.0
1345|текст|текстов|текстов|NOUN|1326|98|2||||28|1.0
1346|с|с|с|NOUN|1327|98|3|BADW|||25|1.0
1347|плохой|плохой|плохой|ADJF|1328|98|4||||2|1.0
1348|стилистика|стилистикой|стилистикой|NOUN|1329|98|5||||1|1.0
1349|,|,|,|PNCT|1330|98|6|PNCT|||134|2.0
1350|b%|bad-%|bad-%|LATN|1331|98|7|LATN|||1|1.0
1351|>|>|>|PNCT|1332|98|8|PNCT|||2|1.0
1352|35%|35%|35%|NUSR|1333|98|9|NUSR|||1|1.0
1353|,|,|,|PNCT|1334|98|10|PNCT|||134|2.0
1354|практический|практические|практические|ADJF|1335|98|11||||2|1.0
1355|наблюдение|наблюдения|наблюдения|NOUN|1336|98|12||||2|1.0
1356|в|в|в|NOUN|1337|98|13|BADW|||50|1.0
1357|результат|результате|результате|NOUN|1338|98|14||||9|1.0
1358|тестирование|тестирования|тестирования|NOUN|1339|98|15||||8|1.0
1359|.|.|.|PNCT|1340|98|16|PNCT|||110|1.0
1360|выявление|выявление|выявление|NOUN|1341|99|1||||7|1.0
1361|целевой|целевых|целевых|ADJF|1342|99|2||||1|1.0
1362|узконаправленных|узконаправленных|узконаправленных|ABVR|1343|99|3|ABVR|||1|1.0
1363|,|,|,|PNCT|1344|99|4|PNCT|||134|3.0
1364|чп|четко позиционирующих|четко позиционирующих|ABVR|1345|99|5|ABVR|21||1|1.0
1365|четко|четко|четко|ADVB|1345|99|5|BADW||21|1|1.0
1366|позиционирующий|позиционирующих|позиционирующих|PRTF|1346|99|6|||21|1|1.0
1367|текст|текстов|текстов|NOUN|1347|99|7||||28|1.0
1368|,|,|,|PNCT|1348|99|8|PNCT|||134|3.0
1369|s%|skeys-%|skeys-%|LATN|1349|99|9|LATN|||2|1.0
1370|<|<|<|PNCT|1350|99|10|PNCT|||2|1.0
1372|5|5|5|NUMB|1351|99|11|NUMB||22|3|1.0
1371|5б|5 без|5 без|NUSR|1351|99|11|NUSR|22||1|1.0
1373|без|без|без|PREP|1352|99|12|BADW||22|1|1.0
1374|числовой|числовых|числовых|ADJF|1353|99|13||||4|1.0
1375|ключ|ключей|ключей|NOUN|1354|99|14||||10|1.0
1376|,|,|,|PNCT|1355|99|15|PNCT|||134|3.0
1377|практический|практические|практические|ADJF|1356|99|16||||2|1.0
1378|наблюдение|наблюдения|наблюдения|NOUN|1357|99|17||||2|1.0
1379|в|в|в|NOUN|1358|99|18|BADW|||50|1.0
1380|результат|результате|результате|NOUN|1359|99|19||||9|1.0
1381|тестирование|тестирования|тестирования|NOUN|1360|99|20||||8|1.0
1382|.|.|.|PNCT|1361|99|21|PNCT|||110|1.0
1383|выявление|выявление|выявление|NOUN|1362|100|1||||7|1.0
1384|текст|текстов|текстов|NOUN|1363|100|2||||28|1.0
1385|,|,|,|PNCT|1364|100|3|PNCT|||134|2.0
1386|не|не|не|PRCL|1365|100|4||||26|1.0
1387|подпадающий|подпадающих|подпадающих|PRTF|1366|100|5||||1|1.0
1388|под|под|под|PREP|1367|100|6|BADW|||3|1.0
1389|отраслевой|отраслевую|отраслевую|ADJF|1368|100|7||||2|1.0
1390|тематика|тематику|тематику|NOUN|1369|100|8||||4|1.0
1391|,|,|,|PNCT|1370|100|9|PNCT|||134|2.0
1392|s%|skeys-%|skeys-%|LATN|1371|100|10|LATN|||2|1.0
1393|<|<|<|PNCT|1372|100|11|PNCT|||2|1.0
1394|1|1|1|NUMB|1373|100|12|NUMB|||3|1.0
1395|.|.|.|PNCT|1374|100|13|PNCT|||110|1.0
1396|анализ|анализ|Анализ|NOUN|1375|101|1||||8|1.0
1397|взаимный|взаимного|взаимного|ADJF|1376|101|2||||1|1.0
1398|сочетание|сочетания|сочетания|NOUN|1377|101|3||||1|1.0
1399|показатель|показателей|показателей|NOUN|1378|101|4||||2|1.0
1400|статистик|статистики|статистики|NOUN|1379|101|5||||1|1.0
1401|,|,|,|PNCT|1380|101|6|PNCT|||134|1.0
1402|может|может|может|CONJ|1381|101|7|BADW|||1|1.0
1403|быть|быть|быть|INFN|1382|101|8|BADW|||1|1.0
1404|не|не|не|PRCL|1383|101|9||||26|1.0
1405|менее|менее|менее|ADVB|1384|101|10|BADW|||3|1.0
1406|интересен|интересен|интересен|ADJS|1385|101|11||||1|1.0
1407|.|.|.|PNCT|1386|101|12|PNCT|||110|1.0
1408|выявление|выявление|выявление|NOUN|1387|102|1||||7|1.0
1409|текст|текстов|текстов|NOUN|1388|102|2||||28|1.0
1410|шо|широкого охвата|широкого охвата|WIQM|1389|102|3|WIQM|23||1|1.0
1411|широкий|широкого|широкого|ADJF|1389|102|3|||23|1|1.0
1412|охват|охвата|охвата|NOUN|1390|102|4|||23|1|1.0
1413|,|,|,|PNCT|1391|102|5|PNCT|||134|1.0
1414|k%|keys-%|keys-%|LATN|1392|102|6|LATN|||2|2.0
1415|>|>|>|PNCT|1393|102|7|PNCT|||2|1.0
1416|45%|45%|45%|NUSR|1394|102|8|NUSR|||1|1.0
1417|при|при|при|PREP|1395|102|9|BADW|||4|1.0
1418|u%|ukeys-%|ukeys-%|LATN|1396|102|10|LATN|||1|1.0
1419|стремящийся|стремящемуся|стремящемуся|PRTF|1397|102|11||||1|1.0
1420|к|к|к|NOUN|1398|102|12|BADW|||17|1.0
1421|k%|keys-%|keys-%|LATN|1399|102|13|LATN|||2|2.0
1422|.|.|.|PNCT|1400|102|14|PNCT|||110|1.0
1423|для|для|Для|PREP|1401|103|1|BADW|||12|1.0
1424|чего|чего|чего|ADVB|1402|103|2|BADW|||2|1.0
1425|всё|всё|всё|PRCL|1403|103|3|BADW|||2|1.0
1426|этот|это|это|ADJF|1404|103|4|BADW|||11|1.0
1427|написан|написано|написано|PRTS|1405|103|5||||2|1.0
1428|.|.|.|PNCT|1406|103|6|PNCT|||110|1.0
1429|nrlpk|nrlpk|nrlpk|LATN|1407|104|1|LATN|||13|1.0
1430|находился|находится|находится|VERB|1408|104|2||||2|1.0
1431|в|в|в|NOUN|1409|104|3|BADW|||50|1.0
1432|состояние|состоянии|состоянии|NOUN|1410|104|4||||1|1.0
1433|готовность|готовности|готовности|NOUN|1411|104|5||||1|1.0
1434|к|к|к|NOUN|1412|104|6|BADW|||17|1.0
1435|работа|работе|работе|NOUN|1413|104|7||||6|1.0
1436|с|с|с|NOUN|1414|104|8|BADW|||25|1.0
1437|текущий|текущими|текущими|ADJF|1415|104|9||||1|1.0
1438|показатель|показателями|показателями|NOUN|1416|104|10||||2|1.0
1439|качество|качества|качества|NOUN|1417|104|11||||13|1.0
1440|обработка|обработки|обработки|NOUN|1418|104|12||||3|1.0
1441|русский|русских|русских|ADJF|1419|104|13||||3|1.0
1442|текст|текстов|текстов|NOUN|1420|104|14||||28|1.0
1443|,|,|,|PNCT|1421|104|15|PNCT|||134|1.0
1444|но|но|но|INTJ|1422|104|16|BADW|||4|1.0
1445|не|не|не|PRCL|1423|104|17||||26|1.0
1446|предоставляюсь|предоставляется|предоставляется|VERB|1424|104|18||||1|1.0
1447|как|как|как|ADVB|1425|104|19|BADW|||4|1.0
1448|сервис|сервис|сервис|NOUN|1426|104|20||||1|1.0
1449|.|.|.|PNCT|1427|104|21|PNCT|||110|1.0
1450|автор|автор|Автор|NOUN|1428|105|1||||5|1.0
1451|имею|имеет|имеет|VERB|1429|105|2||||3|1.0
1452|четкий|четкие|четкие|ADJF|1430|105|3||||1|1.0
1453|и|и|и|PRCL|1431|105|4|BADW|||43|2.0
1454|понятный|понятные|понятные|ADJF|1432|105|5||||1|1.0
1455|направление|направления|направления|NOUN|1433|105|6||||1|1.0
1456|развитие|развития|развития|NOUN|1434|105|7||||3|1.0
1457|в|в|в|NOUN|1435|105|8|BADW|||50|1.0
1458|сторона|сторону|сторону|NOUN|1436|105|9||||1|1.0
1459|повышение|повышения|повышения|NOUN|1437|105|10||||1|1.0
1460|процент|процента|процента|NOUN|1438|105|11||||3|2.0
1461|качество|качества|качества|NOUN|1439|105|12||||13|1.0
1462|и|и|и|PRCL|1440|105|13|BADW|||43|2.0
1463|стабилизация|стабилизации|стабилизации|NOUN|1441|105|14|SPEC|||1|1.0
1464|это|этого|этого|NPRO|1442|105|15|BADW|||3|1.0
1465|процент|процента|процента|NOUN|1443|105|16||||3|2.0
1466|.|.|.|PNCT|1444|105|17|PNCT|||110|1.0
1467|для|для|Для|PREP|1445|106|1|BADW|||12|1.0
1468|развитие|развития|развития|NOUN|1446|106|2||||3|2.0
1469|этот|этой|этой|ADJF|1447|106|3|BADW|||11|1.0
1470|задача|задачи|задачи|NOUN|1448|106|4||||4|1.0
1471|требуюсь|требуется|требуется|VERB|1449|106|5||||1|1.0
1472|стратегический|стратегический|стратегический|ADJF|1450|106|6||||1|1.0
1473|инвестор|инвестор|инвестор|NOUN|1451|106|7||||1|1.0
1474|и/или|и/или|и/или|NAME|1452|106|8|NAME|||1|1.0
1475|новый|новый|новый|ADJF|1453|106|9||||1|1.0
1476|правообладатель|правообладатель|правообладатель|NOUN|1454|106|10||||1|1.0
1477|готовый|готовый|готовый|ADJF|1455|106|11||||1|1.0
1478|к|к|к|NOUN|1456|106|12|BADW|||17|2.0
1479|дальнейший|дальнейшему|дальнейшему|ADJF|1457|106|13||||1|1.0
1480|развитие|развитию|развитию|NOUN|1458|106|14||||3|2.0
1481|проект|проекта|проекта|NOUN|1459|106|15||||1|1.0
1482|к|к|к|NOUN|1460|106|16|BADW|||17|2.0
1483|обозначенный|обозначенным|обозначенным|PRTF|1461|106|17||||1|1.0
1484|цель|целям|целям|NOUN|1462|106|18||||1|1.0
1485|.|.|.|PNCT|1463|106|19|PNCT|||110|1.0
1486|ps|p.s|P.S|LATN|1464|107|1|LATN|||1|1.0
1487|.|.|.|PNCT|1465|107|2|PNCT|||110|1.0
1488|хештеги|хештеги|Хештеги|UNKN|1466|108|1|UNKN|||1|1.0
1489|к|к|к|NOUN|1467|108|2|BADW|||17|1.0
1490|это|этому|этому|NPRO|1468|108|3|BADW|||3|1.0
1491|текст|тексту|тексту|NOUN|1469|108|4||||28|1.0
1493|приведён|приведены|приведены|PRTS|1470|108|5|||24|2|1.0
1492|пн|приведены ниже|приведены ниже|ABVR|1470|108|5|ABVR|24||1|1.0
1494|ниже|ниже|ниже|CONJ|1471|108|6|BADW||24|1|1.0
1495|автоматически|автоматически|автоматически|ADVB|1472|108|7||||3|1.0
1496|сгенерирован|сгенерированы|сгенерированы|PRTS|1473|108|8||||1|1.0
1497|nrlpk|nrlpk|nrlpk|LATN|1474|108|9|LATN|||13|1.0
1498|с|с|с|NOUN|1475|108|10|BADW|||25|2.0
1499|отключенный|отключенной|отключенной|PRTF|1476|108|11||||1|1.0
1500|опция|опцией|опцией|NOUN|1477|108|12||||1|1.0
1501|признание|признания|признания|NOUN|1478|108|13||||1|1.0
1502|ключ|ключами|ключами|NOUN|1479|108|14||||10|1.0
1503|выражение|выражений|выражений|NOUN|1480|108|15||||12|1.0
1504|с|с|с|NOUN|1481|108|16|BADW|||25|2.0
1505|числовой|числовыми|числовыми|ADJF|1482|108|17||||4|1.0
1506|данные|данными|данными|NOUN|1483|108|18||||11|1.0
1507|и|и|и|PRCL|1484|108|19|BADW|||43|1.0
1508|при|при|при|PREP|1485|108|20|BADW|||4|1.0
1509|отсутствие|отсутствии|отсутствии|NOUN|1486|108|21||||2|1.0
1510|специализированный|специализированного|специализированного|ADJF|1487|108|22||||3|1.0
1511|ис|ит-словаря|ИТ-словаря|TITL|1488|108|23|TITL|||1|1.0
1512|.|.|.|PNCT|1489|108|24|PNCT|||110|1.0
1513|с|с|С|NOUN|1490|109|1|BADW|||25|1.0
1514|детальный|детальными|детальными|ADJF|1491|109|2||||1|1.0
1515|данные|данными|данными|NOUN|1492|109|3||||11|1.0
1516|результат|результата|результата|NOUN|1493|109|4||||9|1.0
1517|обработка|обработки|обработки|NOUN|1494|109|5||||3|1.0
1518|nrlpk|nrlpk|nrlpk|LATN|1495|109|6|LATN|||13|1.0
1519|этот|этой|этой|ADJF|1496|109|7|BADW|||11|1.0
1520|статья|статьи|статьи|NOUN|1497|109|8||||13|1.0
1521|,|,|,|PNCT|1498|109|9|PNCT|||134|1.0
1522|можно|можно|можно|PRED|1499|109|10|BADW|||6|1.0
1523|познакомиться|познакомиться|познакомиться|INFN|1500|109|11||||1|1.0
1524|в|в|в|NOUN|1501|109|12|BADW|||50|1.0
1525|папка|папке|папке|NOUN|1502|109|13||||2|1.0
1526|на|на|на|PRCL|1503|109|14|BADW|||14|1.0
1527|github|github|GitHub|LATN|1504|109|15|LATN|||4|1.0
1528|.|.|.|PNCT|1505|109|16|PNCT|||110|1.0
1529|автор|автор|Автор|NOUN|1506|110|1||||5|1.0
1530|,|,|,|PNCT|1507|110|2|PNCT|||134|1.0
1531|ал|андрей лабутин|Андрей Лабутин|NAME|1508|110|3|NAME|25||1|1.0
1532|андрей|андрей|Андрей|NOUN|1508|110|3|||25|1|1.0
1533|лабутин|лабутин|Лабутин|TITL|1509|110|4|TITL||25|1|1.0
1534|.|.|.|PNCT|1510|110|5|PNCT|||110|1.0
